Name,Input List,Start Frame,Area AVG,Area STD,RG AVG,RG STD,RDF Peak,Coordination at Minimum
polymerA1,"[(1, 'E4'), (2, 'E4'), (3, 'E4'), (4, 'E4'), (5, 'E4'), (6, 'E4'), (7, 'E4'), (8, 'E4'), (9, 'E4'), (10, 'E4'), (11, 'S6'), (12, 'S4'), (13, 'S6'), (14, 'S4'), (15, 'S6'), (16, 'S4'), (17, 'S6'), (18, 'S4'), (19, 'S6'), (20, 'S4')]",830.0,13932.25742455210,320.24571707325800,18.827689307757800,0.130057068049395,1.7723091804126800,3.7731785714285700
polymerA2,"[(1, 'E4'), (2, 'E4'), (3, 'E4'), (4, 'E4'), (5, 'E4'), (6, 'E4'), (7, 'E4'), (8, 'E4'), (9, 'E4'), (10, 'E4'), (11, 'S8'), (12, 'S2'), (13, 'S8'), (14, 'S2'), (15, 'S8'), (16, 'S2'), (17, 'S8'), (18, 'S2'), (19, 'S8'), (20, 'S2')]",830.0,13925.018799355400,271.3695847521060,19.595126277378600,0.0881043389626336,1.8071338771257400,4.246339285714290
polymerA3,"[(1, 'E4'), (2, 'E4'), (3, 'E4'), (4, 'E4'), (5, 'E4'), (6, 'E4'), (7, 'E4'), (8, 'E4'), (9, 'E4'), (10, 'E4'), (11, 'S10'), (12, 'S0'), (13, 'S10'), (14, 'S0'), (15, 'S10'), (16, 'S0'), (17, 'S10'), (18, 'S0'), (19, 'S10'), (20, 'S0')]",830.0,13562.25867408100,260.49973106844200,20.87217034612380,0.207960187933779,1.7634690650932100,4.242928571428570
polymerA4,"[(1, 'E4'), (2, 'E4'), (3, 'E4'), (4, 'E4'), (5, 'E4'), (6, 'E4'), (7, 'E4'), (8, 'E4'), (9, 'E4'), (10, 'E4'), (11, 'S0'), (12, 'S0'), (13, 'S0'), (14, 'S0'), (15, 'S0'), (16, 'S0'), (17, 'S0'), (18, 'S0'), (19, 'S10'), (20, 'S40')]",830.0,12578.201381474800,246.68108329879200,21.968153112956500,0.1967161873565240,1.7606563011279200,3.725571428571430
polymerA5,"[(1, 'E4'), (2, 'E4'), (3, 'E4'), (4, 'E4'), (5, 'E4'), (6, 'E4'), (7, 'E4'), (8, 'E4'), (9, 'E4'), (10, 'E4'), (11, 'S0'), (12, 'S0'), (13, 'S0'), (14, 'S0'), (15, 'S0'), (16, 'S0'), (17, 'S0'), (18, 'S0'), (19, 'S0'), (20, 'S50')]",830.0,12742.920512763300,242.0183639427610,22.440286077771900,0.1628689735218770,1.776059532366390,4.213017857142860
polymerJ1,"[(1, 'E6'), (2, 'S5'), (3, 'E2'), (4, 'S9'), (5, 'S8'), (6, 'E1'), (7, 'S9'), (8, 'S8'), (9, 'S9'), (10, 'E7'), (11, 'E2'), (12, 'E4'), (13, 'S7'), (14, 'S5'), (15, 'S2')]",830.0,15054.98751982420,309.8330321362430,19.607251866204400,0.127845880896946,1.3089702435855400,3.103181818181820
polymerJ10,"[(1, 'S4'), (2, 'E4'), (3, 'S6'), (4, 'S1'), (5, 'S2'), (6, 'E4'), (7, 'S7'), (8, 'E7'), (9, 'E0'), (10, 'S7'), (11, 'S8'), (12, 'E7'), (13, 'E6'), (14, 'S3'), (15, 'S8')]",830.0,15235.466943948000,375.8895249273790,18.1143916961125,0.0829863223155148,1.8034217940695200,4.2584183673469400
polymerJ100,"[(1, 'E2'), (2, 'S9'), (3, 'S6'), (4, 'S1'), (5, 'E7'), (6, 'E3'), (7, 'S0'), (8, 'E9'), (9, 'E0'), (10, 'E0'), (11, 'E9'), (12, 'E2'), (13, 'S6'), (14, 'S1'), (15, 'E6'), (16, 'S2'), (17, 'E2'), (18, 'S9'), (19, 'E4'), (20, 'E0')]",830.0,13493.113405981900,330.4213934319750,17.84058334418710,0.1156775744734900,1.7834871774695300,4.109188311688310
polymerJ101,"[(1, 'S2'), (2, 'S3'), (3, 'S7'), (4, 'S1'), (5, 'S0'), (6, 'S6'), (7, 'E4'), (8, 'S8'), (9, 'S9'), (10, 'S9'), (11, 'E6'), (12, 'S0'), (13, 'S0'), (14, 'E0'), (15, 'E8'), (16, 'E8'), (17, 'S2'), (18, 'S2'), (19, 'E3')]",830.0,13836.229936724900,404.4968659065930,19.17767551967080,0.1292419480418630,1.7661755998775400,3.940566502463060
polymerJ102,"[(1, 'S4'), (2, 'S6'), (3, 'S3'), (4, 'S4'), (5, 'S7'), (6, 'E6'), (7, 'S8'), (8, 'S4'), (9, 'E3'), (10, 'E2'), (11, 'S8'), (12, 'S3'), (13, 'E2'), (14, 'S0'), (15, 'S0'), (16, 'S9'), (17, 'E4'), (18, 'E5'), (19, 'S3')]",830.0,14899.447812571900,357.1262594556760,19.24098984582080,0.1406514579631420,1.4273255065404400,3.348019480519480
polymerJ103,"[(1, 'E9'), (2, 'S8'), (3, 'E6'), (4, 'S0'), (5, 'S9'), (6, 'S4'), (7, 'S2'), (8, 'S5'), (9, 'E9'), (10, 'S1'), (11, 'E6'), (12, 'S3'), (13, 'E7'), (14, 'E3'), (15, 'S2'), (16, 'E4'), (17, 'E9'), (18, 'E9'), (19, 'E8')]",830.0,15756.22256419930,467.5776347094170,18.778634499141200,0.1618902747630700,1.911684505059920,4.092602040816330
polymerJ104,"[(1, 'S2'), (2, 'E8'), (3, 'S5'), (4, 'S7'), (5, 'E0'), (6, 'E9'), (7, 'S7'), (8, 'E8'), (9, 'S5'), (10, 'S9'), (11, 'S0'), (12, 'S6'), (13, 'E6'), (14, 'E9'), (15, 'S0'), (16, 'S4'), (17, 'S3'), (18, 'S7'), (19, 'S1')]",830.0,18005.342253715800,336.866469432467,19.37915898868020,0.1350036817940490,1.9485757222372800,4.211839285714290
polymerJ105,"[(1, 'S5'), (2, 'E2'), (3, 'S5'), (4, 'S1'), (5, 'E8'), (6, 'E0'), (7, 'S9'), (8, 'E4'), (9, 'S6'), (10, 'E5'), (11, 'E6'), (12, 'E8'), (13, 'S6'), (14, 'E1'), (15, 'S3'), (16, 'E5'), (17, 'S5'), (18, 'E9'), (19, 'S9'), (20, 'S6')]",830.0,18815.118836136700,517.1605189710640,20.008039240155900,0.1465795362263870,1.837895692555620,4.069538690476190
polymerJ106,"[(1, 'S6'), (2, 'S7'), (3, 'E3'), (4, 'E3'), (5, 'S9'), (6, 'S0'), (7, 'E3'), (8, 'S8'), (9, 'E2'), (10, 'S4'), (11, 'S1'), (12, 'E8'), (13, 'E4'), (14, 'S6'), (15, 'S7'), (16, 'E7'), (17, 'S6'), (18, 'E2'), (19, 'S0')]",830.0,17782.6840007706,295.61292126671500,18.667409535816700,0.1617034319023640,1.657186769547750,3.741272321428570
polymerJ107,"[(1, 'E2'), (2, 'E9'), (3, 'S7'), (4, 'E0'), (5, 'S6'), (6, 'S1'), (7, 'E0'), (8, 'S1'), (9, 'S9'), (10, 'E6'), (11, 'E3'), (12, 'E0'), (13, 'S1'), (14, 'E0'), (15, 'E1'), (16, 'S5')]",,,,,,,
polymerJ108,"[(1, 'S2'), (2, 'S4'), (3, 'E0'), (4, 'E7'), (5, 'E5'), (6, 'S0'), (7, 'E8'), (8, 'E4'), (9, 'S3'), (10, 'S0'), (11, 'S4'), (12, 'S6'), (13, 'E6'), (14, 'E7'), (15, 'S3'), (16, 'S0'), (17, 'S6'), (18, 'S5')]",830.0,12654.550151138800,414.360448392092,17.271509900774300,0.1240003757755240,1.9096386704861600,4.205193050193050
polymerJ109,"[(1, 'S4'), (2, 'S5'), (3, 'E8'), (4, 'S3'), (5, 'E4'), (6, 'S9'), (7, 'S3'), (8, 'S1'), (9, 'S9'), (10, 'S5'), (11, 'S5'), (12, 'E3'), (13, 'E6'), (14, 'S8'), (15, 'E3'), (16, 'S5'), (17, 'S8'), (18, 'S8'), (19, 'E2')]",830.0,18440.04234762840,327.6517892808640,19.96063065937590,0.1065119665459420,1.4686130974794400,3.41129120879121
polymerJ11,"[(1, 'E8'), (2, 'S5'), (3, 'E6'), (4, 'S7'), (5, 'E7'), (6, 'E6'), (7, 'E0'), (8, 'E4'), (9, 'E3'), (10, 'E2'), (11, 'S7')]",,,,,,,
polymerJ110,"[(1, 'S9'), (2, 'E9'), (3, 'E3'), (4, 'E3'), (5, 'E0'), (6, 'S0'), (7, 'S6'), (8, 'E1'), (9, 'S7'), (10, 'E6'), (11, 'S7'), (12, 'E2'), (13, 'E0'), (14, 'S0'), (15, 'E2'), (16, 'E2')]",830.0,11217.500522018100,301.4867264062770,17.40250592231750,0.122696653903115,1.7519501269496600,4.221607142857140
polymerJ111,"[(1, 'S2'), (2, 'S9'), (3, 'E0'), (4, 'E1'), (5, 'S0'), (6, 'E1'), (7, 'S6'), (8, 'S3'), (9, 'S6'), (10, 'S8'), (11, 'S0'), (12, 'E6'), (13, 'E0'), (14, 'E7'), (15, 'E3'), (16, 'S5')]",830.0,10854.156542516600,286.495931877978,19.07379620688300,0.284622795136105,1.7948112921349700,4.35781746031746
polymerJ112,"[(1, 'S5'), (2, 'S7'), (3, 'E7'), (4, 'E3'), (5, 'S5'), (6, 'E1'), (7, 'E9'), (8, 'E2'), (9, 'S7'), (10, 'S3'), (11, 'E3'), (12, 'E1'), (13, 'S8'), (14, 'S4'), (15, 'S1'), (16, 'S5'), (17, 'S7'), (18, 'E5')]",830.0,16193.634872032300,373.0391537020820,18.712103797367600,0.141536992525786,1.748147926812250,4.1561290322580700
polymerJ113,"[(1, 'S0'), (2, 'S7'), (3, 'S2'), (4, 'S9'), (5, 'S6'), (6, 'S6'), (7, 'S6'), (8, 'S6'), (9, 'S3'), (10, 'S9'), (11, 'E3'), (12, 'E5'), (13, 'S7'), (14, 'S7'), (15, 'S4'), (16, 'S4'), (17, 'E5')]",830.0,14629.695115835500,393.4768242959570,19.87816960607260,0.1688432831418630,1.389278729227780,3.4966483516483500
polymerJ114,"[(1, 'S8'), (2, 'S8'), (3, 'E2'), (4, 'E1'), (5, 'S9'), (6, 'S7'), (7, 'S2'), (8, 'E2'), (9, 'S7'), (10, 'E1'), (11, 'S1'), (12, 'E9'), (13, 'E5'), (14, 'E2'), (15, 'S6'), (16, 'S7'), (17, 'E5')]",830.0,14144.948826806300,324.60942280153800,19.967099351882900,0.1430022892316770,1.6180089857455500,3.571084656084660
polymerJ115,"[(1, 'S7'), (2, 'E3'), (3, 'E3'), (4, 'E6'), (5, 'S0'), (6, 'S5'), (7, 'E2'), (8, 'S8'), (9, 'E5'), (10, 'E9'), (11, 'S2'), (12, 'S2'), (13, 'S0'), (14, 'E0'), (15, 'S1'), (16, 'E6'), (17, 'S3')]",,,,,,,
polymerJ116,"[(1, 'E8'), (2, 'E2'), (3, 'E0'), (4, 'S2'), (5, 'E2'), (6, 'E9'), (7, 'E2'), (8, 'S1'), (9, 'S7'), (10, 'S0'), (11, 'E2'), (12, 'S9'), (13, 'E8'), (14, 'E2'), (15, 'S9'), (16, 'S4')]",,,,,,,
polymerJ117,"[(1, 'S6'), (2, 'S4'), (3, 'S7'), (4, 'S4'), (5, 'S8'), (6, 'S5'), (7, 'E5'), (8, 'S2'), (9, 'E6'), (10, 'E7'), (11, 'E0'), (12, 'E6'), (13, 'E7'), (14, 'S5'), (15, 'E4'), (16, 'E3'), (17, 'S5'), (18, 'S0'), (19, 'E0')]",830.0,14090.352235137700,304.0675886441900,18.563347193854200,0.0991678487616772,1.8639550282456300,4.166109022556390
polymerJ118,"[(1, 'S7'), (2, 'E1'), (3, 'S5'), (4, 'E5'), (5, 'E3'), (6, 'S8'), (7, 'S8'), (8, 'E4'), (9, 'E7'), (10, 'S2'), (11, 'E2'), (12, 'S4'), (13, 'S8'), (14, 'E6'), (15, 'E9'), (16, 'E9'), (17, 'S7')]",830.0,17157.368992174600,373.4542154078580,18.64817801679880,0.1506823809023220,1.7899195287170800,4.10004658385093
polymerJ119,"[(1, 'E4'), (2, 'E0'), (3, 'E8'), (4, 'E8'), (5, 'E8'), (6, 'E2'), (7, 'E2'), (8, 'E1'), (9, 'E5'), (10, 'S0'), (11, 'E4'), (12, 'E5'), (13, 'E5'), (14, 'S1'), (15, 'S2'), (16, 'S0'), (17, 'E6'), (18, 'E4'), (19, 'E8'), (20, 'E5')]",,,,,,,
polymerJ12,"[(1, 'S1'), (2, 'E8'), (3, 'E1'), (4, 'S3'), (5, 'S7'), (6, 'E0'), (7, 'S4'), (8, 'E2'), (9, 'S0'), (10, 'S4'), (11, 'E6'), (12, 'S7'), (13, 'E6'), (14, 'S5'), (15, 'E4'), (16, 'E3'), (17, 'E6'), (18, 'S2'), (19, 'E6')]",830.0,13613.8872565953,301.98910889657400,18.111599268232100,0.1245561939796350,1.7645750950852900,4.105527210884360
polymerJ120,"[(1, 'S2'), (2, 'S6'), (3, 'S1'), (4, 'E1'), (5, 'S9'), (6, 'S0'), (7, 'E9'), (8, 'E0'), (9, 'S2'), (10, 'S5'), (11, 'E8'), (12, 'E6'), (13, 'S0'), (14, 'S3'), (15, 'E7'), (16, 'S6'), (17, 'S0'), (18, 'S2'), (19, 'S3')]",830.0,12918.28841255680,294.47278912716100,18.830774700982200,0.1310756083807230,1.927024160549340,4.63073732718894
polymerJ121,"[(1, 'E4'), (2, 'S1'), (3, 'S1'), (4, 'S7'), (5, 'E4'), (6, 'E9'), (7, 'S1'), (8, 'S3'), (9, 'E7'), (10, 'S7'), (11, 'S6'), (12, 'S5'), (13, 'S8'), (14, 'S6'), (15, 'S8'), (16, 'E3'), (17, 'E9')]",830.0,16833.73913851280,367.79344712373800,18.60176678657530,0.1105144511342770,1.8890165614485200,4.267797619047620
polymerJ122,"[(1, 'E6'), (2, 'E0'), (3, 'S9'), (4, 'S3'), (5, 'S1'), (6, 'E4'), (7, 'S4'), (8, 'E5'), (9, 'S9'), (10, 'S6'), (11, 'E2'), (12, 'E7'), (13, 'E1'), (14, 'S2'), (15, 'E8'), (16, 'S9'), (17, 'E6'), (18, 'E9')]",830.0,15720.44609832460,468.7321365125220,18.75236261299680,0.1483223911830160,1.8925883252139600,4.343630952380950
polymerJ123,"[(1, 'E9'), (2, 'S9'), (3, 'E3'), (4, 'S5'), (5, 'E5'), (6, 'E4'), (7, 'E2'), (8, 'S0'), (9, 'S0'), (10, 'E1'), (11, 'S6'), (12, 'S6'), (13, 'E0'), (14, 'E2'), (15, 'S8'), (16, 'E4'), (17, 'S9'), (18, 'E9'), (19, 'S4'), (20, 'S9')]",830.0,17344.40246676170,415.2449312557470,19.242747141974300,0.1594863743372340,1.7481036121253300,4.212490842490840
polymerJ124,"[(1, 'S1'), (2, 'S0'), (3, 'S1'), (4, 'S4'), (5, 'E7'), (6, 'S6'), (7, 'S6'), (8, 'E7'), (9, 'S0'), (10, 'E8'), (11, 'S0'), (12, 'E8'), (13, 'S8'), (14, 'E6'), (15, 'E0'), (16, 'E5')]",830.0,12237.388897808900,523.15014273603,17.42691045965470,0.1562066018782990,1.8853685710173500,4.03726480836237
polymerJ125,"[(1, 'E0'), (2, 'S8'), (3, 'S4'), (4, 'S6'), (5, 'S1'), (6, 'S4'), (7, 'S3'), (8, 'S3'), (9, 'E6'), (10, 'E5'), (11, 'S6'), (12, 'E0'), (13, 'S8'), (14, 'S6'), (15, 'E5'), (16, 'E4')]",830.0,12982.117662805500,288.3291179436150,18.700339179039,0.1074331310687460,1.9646486591817700,4.40307142857143
polymerJ126,"[(1, 'S2'), (2, 'E4'), (3, 'S9'), (4, 'S5'), (5, 'S0'), (6, 'E5'), (7, 'E2'), (8, 'S7'), (9, 'S5'), (10, 'E8'), (11, 'E8'), (12, 'E3'), (13, 'S2'), (14, 'E5'), (15, 'S1'), (16, 'E2'), (17, 'S6'), (18, 'S7'), (19, 'S5')]",830.0,14159.99926237600,397.1842470516470,18.37209983553210,0.1014083027709370,1.62901387950935,3.765135135135140
polymerJ127,"[(1, 'S3'), (2, 'S6'), (3, 'S0'), (4, 'S7'), (5, 'E1'), (6, 'E3'), (7, 'S4'), (8, 'S8'), (9, 'E1'), (10, 'S2'), (11, 'S4'), (12, 'E5'), (13, 'S8'), (14, 'E4'), (15, 'E9'), (16, 'E0'), (17, 'E7'), (18, 'S1'), (19, 'E8'), (20, 'S0')]",830.0,12359.06650445700,323.0280696368110,19.867726148196600,0.1058550125166790,1.752514089649460,3.887894736842110
polymerJ128,"[(1, 'E0'), (2, 'S1'), (3, 'S2'), (4, 'E6'), (5, 'E7'), (6, 'E3'), (7, 'E8'), (8, 'E5'), (9, 'E4'), (10, 'S0'), (11, 'E5'), (12, 'E9'), (13, 'E4'), (14, 'E2'), (15, 'S0'), (16, 'E3'), (17, 'S9'), (18, 'S4'), (19, 'E5')]",,,,,,,
polymerJ129,"[(1, 'S7'), (2, 'S3'), (3, 'E3'), (4, 'E1'), (5, 'E7'), (6, 'E4'), (7, 'S9'), (8, 'S8'), (9, 'S2'), (10, 'E5'), (11, 'E1'), (12, 'S8'), (13, 'E2'), (14, 'E6'), (15, 'S9'), (16, 'E1'), (17, 'S8'), (18, 'E4'), (19, 'E2'), (20, 'S6')]",,,,,,,
polymerJ13,"[(1, 'E8'), (2, 'S8'), (3, 'E9'), (4, 'S6'), (5, 'S3'), (6, 'S2'), (7, 'E9'), (8, 'E2'), (9, 'S2'), (10, 'S7'), (11, 'S7'), (12, 'E9'), (13, 'E7'), (14, 'E7'), (15, 'S7')]",830.0,16196.705725915900,369.2390853198220,17.951465037209600,0.1067199615193380,1.938207102129950,4.474369747899160
polymerJ130,"[(1, 'E8'), (2, 'S2'), (3, 'E7'), (4, 'E6'), (5, 'S1'), (6, 'E2'), (7, 'S8'), (8, 'E8'), (9, 'E1'), (10, 'E3'), (11, 'E2'), (12, 'E1'), (13, 'S5'), (14, 'E3'), (15, 'E0'), (16, 'E9'), (17, 'E9')]",,,,,,,
polymerJ131,"[(1, 'E2'), (2, 'S9'), (3, 'S3'), (4, 'S7'), (5, 'S6'), (6, 'S6'), (7, 'E3'), (8, 'S8'), (9, 'S2'), (10, 'S6'), (11, 'E7'), (12, 'S0'), (13, 'S5'), (14, 'E1'), (15, 'S3'), (16, 'S7')]",830.0,14611.966427054500,372.4542599474860,19.48281074660170,0.117048894386452,1.1984641188354700,2.480549450549450
polymerJ132,"[(1, 'E5'), (2, 'E8'), (3, 'E4'), (4, 'E6'), (5, 'E5'), (6, 'S7'), (7, 'S4'), (8, 'E8'), (9, 'S5'), (10, 'E0'), (11, 'E8'), (12, 'E9'), (13, 'E1'), (14, 'S9'), (15, 'E7'), (16, 'S1'), (17, 'E1')]",830.0,13205.506216234400,401.8329257890130,17.52465933459150,0.1269115670555410,1.7779606324351000,3.5571543778801800
polymerJ133,"[(1, 'E6'), (2, 'S2'), (3, 'E5'), (4, 'S8'), (5, 'E1'), (6, 'S5'), (7, 'S9'), (8, 'E3'), (9, 'S9'), (10, 'E3'), (11, 'S1'), (12, 'E2'), (13, 'E5'), (14, 'E4'), (15, 'S6'), (16, 'E4'), (17, 'S4')]",830.0,14996.641186814400,346.6384189923050,18.14694289616180,0.1630783555323170,1.686684261781110,3.7613852813852800
polymerJ134,"[(1, 'S0'), (2, 'S1'), (3, 'S9'), (4, 'E7'), (5, 'E2'), (6, 'S7'), (7, 'S7'), (8, 'E0'), (9, 'S6'), (10, 'E6'), (11, 'S0'), (12, 'E1'), (13, 'E3'), (14, 'E1'), (15, 'E4'), (16, 'S7'), (17, 'E8'), (18, 'S9')]",830.0,15536.339947086600,391.1461843649630,18.881503479821300,0.1186684184711340,1.8460437786455400,4.054285714285720
polymerJ135,"[(1, 'E6'), (2, 'S0'), (3, 'S5'), (4, 'S8'), (5, 'E4'), (6, 'E8'), (7, 'E0'), (8, 'S6'), (9, 'S9'), (10, 'S2'), (11, 'E9'), (12, 'E1'), (13, 'S1'), (14, 'S1'), (15, 'S4'), (16, 'E3')]",830.0,13168.540875895800,293.26668406630600,17.318299951553300,0.1114303560100990,1.8580660762391000,4.132718894009220
polymerJ136,"[(1, 'E5'), (2, 'E2'), (3, 'S6'), (4, 'S5'), (5, 'E8'), (6, 'E0'), (7, 'E1'), (8, 'E5'), (9, 'E1'), (10, 'S2'), (11, 'E6'), (12, 'E7'), (13, 'E3'), (14, 'S1'), (15, 'S5'), (16, 'E7'), (17, 'S6'), (18, 'E7'), (19, 'E0')]",830.0,13029.265186775900,323.79279319262400,16.961237523896400,0.1329003764625090,1.774411026013110,3.8385027472527500
polymerJ137,"[(1, 'S3'), (2, 'E5'), (3, 'E6'), (4, 'E1'), (5, 'E7'), (6, 'E8'), (7, 'E3'), (8, 'E4'), (9, 'S4'), (10, 'E8'), (11, 'E9'), (12, 'E9'), (13, 'E7'), (14, 'E5'), (15, 'S6'), (16, 'E8'), (17, 'E7'), (18, 'E1'), (19, 'E2'), (20, 'E1')]",,,,,,,
polymerJ138,"[(1, 'E0'), (2, 'E7'), (3, 'S8'), (4, 'S0'), (5, 'S0'), (6, 'S8'), (7, 'S1'), (8, 'S7'), (9, 'E7'), (10, 'E1'), (11, 'E3'), (12, 'E2'), (13, 'S5'), (14, 'E2'), (15, 'S3'), (16, 'E5'), (17, 'S9'), (18, 'S4'), (19, 'S9'), (20, 'S7')]",830.0,16903.54280138570,306.01097518284300,20.219405712400200,0.1152064724579360,1.802153250986160,3.962460317460320
polymerJ139,"[(1, 'E6'), (2, 'S5'), (3, 'S9'), (4, 'E4'), (5, 'S6'), (6, 'E4'), (7, 'S8'), (8, 'S4'), (9, 'S9'), (10, 'E4'), (11, 'E2'), (12, 'E8'), (13, 'S8'), (14, 'E0'), (15, 'S6'), (16, 'E2'), (17, 'S1'), (18, 'E8'), (19, 'S4'), (20, 'S9')]",830.0,20969.20991586660,501.205875667608,20.22807387215750,0.119330661448717,1.7382740314793400,4.063496240601500
polymerJ14,"[(1, 'E6'), (2, 'E5'), (3, 'E9'), (4, 'E9'), (5, 'E5'), (6, 'E9'), (7, 'E4'), (8, 'E0'), (9, 'E8'), (10, 'E8'), (11, 'S2'), (12, 'E7'), (13, 'E4')]",,,,,,,
polymerJ140,"[(1, 'S2'), (2, 'E6'), (3, 'S0'), (4, 'E5'), (5, 'E8'), (6, 'E1'), (7, 'S3'), (8, 'E1'), (9, 'E9'), (10, 'E3'), (11, 'E3'), (12, 'S6'), (13, 'E7'), (14, 'E6'), (15, 'S8'), (16, 'S8')]",830.0,12642.199559261600,408.472398504472,17.514241008077400,0.1776353901985740,1.800278277490240,3.905451895043730
polymerJ141,"[(1, 'S5'), (2, 'S5'), (3, 'S5'), (4, 'S7'), (5, 'S1'), (6, 'E1'), (7, 'E7'), (8, 'E1'), (9, 'E0'), (10, 'E8'), (11, 'E7'), (12, 'S4'), (13, 'E3'), (14, 'E4'), (15, 'S3'), (16, 'E6'), (17, 'S7'), (18, 'S2'), (19, 'E1')]",830.0,13170.079624547200,273.6516350739710,18.223899413517500,0.1015013982055350,1.8249832965746300,4.172725563909770
polymerJ142,"[(1, 'E6'), (2, 'S6'), (3, 'S9'), (4, 'E2'), (5, 'S0'), (6, 'S3'), (7, 'S1'), (8, 'E6'), (9, 'S5'), (10, 'E9'), (11, 'S1'), (12, 'S9'), (13, 'S2'), (14, 'E6'), (15, 'E2'), (16, 'E8'), (17, 'S7'), (18, 'S7'), (19, 'E3')]",830.0,17381.038608368800,340.61486591267000,19.523817891393400,0.1640558368436550,1.774392293569330,4.000969387755100
polymerJ143,"[(1, 'E3'), (2, 'S9'), (3, 'S3'), (4, 'S9'), (5, 'E3'), (6, 'S1'), (7, 'S1'), (8, 'E4'), (9, 'E8'), (10, 'E2'), (11, 'S7'), (12, 'E9'), (13, 'E7'), (14, 'E0'), (15, 'E3'), (16, 'E8'), (17, 'S5'), (18, 'S6'), (19, 'S5'), (20, 'S5')]",830.0,16551.7434434232,401.1049735737570,19.051060033525700,0.147981260648749,1.85420136410717,4.2341185410334300
polymerJ144,"[(1, 'E3'), (2, 'E3'), (3, 'S6'), (4, 'S8'), (5, 'S1'), (6, 'S0'), (7, 'E7'), (8, 'E0'), (9, 'S0'), (10, 'S5'), (11, 'S7'), (12, 'E8'), (13, 'E6'), (14, 'S4'), (15, 'S7'), (16, 'E8'), (17, 'S7'), (18, 'S3'), (19, 'E0')]",830.0,17250.612832912600,354.9012044462810,18.792670266287700,0.1858832345701460,1.821905671555680,4.226816326530610
polymerJ145,"[(1, 'S1'), (2, 'E9'), (3, 'E8'), (4, 'E4'), (5, 'E7'), (6, 'E2'), (7, 'E2'), (8, 'S2'), (9, 'E1'), (10, 'S3'), (11, 'S9'), (12, 'E8'), (13, 'E3'), (14, 'S9'), (15, 'E6'), (16, 'E6')]",,,,,,,
polymerJ146,"[(1, 'S2'), (2, 'S4'), (3, 'S0'), (4, 'S9'), (5, 'E5'), (6, 'S4'), (7, 'E5'), (8, 'S8'), (9, 'E1'), (10, 'E8'), (11, 'S5'), (12, 'S0'), (13, 'E9'), (14, 'S4'), (15, 'E4'), (16, 'S9'), (17, 'S5')]",830.0,16046.858547518300,276.9459440905110,19.19761127880640,0.1287344554242580,1.839849000864850,4.27625
polymerJ147,"[(1, 'S4'), (2, 'E1'), (3, 'S8'), (4, 'E2'), (5, 'S3'), (6, 'E9'), (7, 'E6'), (8, 'E4'), (9, 'E0'), (10, 'S3'), (11, 'S3'), (12, 'S4'), (13, 'S1'), (14, 'S7'), (15, 'S9'), (16, 'S9'), (17, 'S5')]",830.0,13684.719946791400,245.96209760471900,19.506769311087500,0.1397910026182430,1.9889041822070900,4.32159090909091
polymerJ148,"[(1, 'S0'), (2, 'S3'), (3, 'S7'), (4, 'S8'), (5, 'E5'), (6, 'E4'), (7, 'S6'), (8, 'E8'), (9, 'S3'), (10, 'E0'), (11, 'S5'), (12, 'E1'), (13, 'S2'), (14, 'S7'), (15, 'S5'), (16, 'S6'), (17, 'E3'), (18, 'E0')]",830.0,14138.383880889600,355.2620230631750,19.215815642220600,0.1514786407477360,1.6746469540261500,3.903163265306120
polymerJ149,"[(1, 'S2'), (2, 'S4'), (3, 'E8'), (4, 'S2'), (5, 'S8'), (6, 'E9'), (7, 'E3'), (8, 'E1'), (9, 'S8'), (10, 'E6'), (11, 'E3'), (12, 'S3'), (13, 'S3'), (14, 'E4'), (15, 'S6'), (16, 'S0'), (17, 'S2')]",830.0,14551.85127939830,346.03571158637000,18.133441242490500,0.1560309729659750,1.8765941771760600,4.43292016806723
polymerJ15,"[(1, 'E1'), (2, 'S1'), (3, 'E5'), (4, 'E2'), (5, 'S3'), (6, 'E8'), (7, 'S3'), (8, 'S5'), (9, 'E7'), (10, 'S6'), (11, 'E7'), (12, 'S0'), (13, 'S8')]",,,,,,,
polymerJ150,"[(1, 'E6'), (2, 'E8'), (3, 'S7'), (4, 'S5'), (5, 'E4'), (6, 'S1'), (7, 'E6'), (8, 'S3'), (9, 'S4'), (10, 'S7'), (11, 'E4'), (12, 'S3'), (13, 'S6'), (14, 'E4'), (15, 'S4'), (16, 'E4'), (17, 'S4'), (18, 'E0')]",830.0,14971.067585470100,314.5069705693820,18.469562821388200,0.1923805745203110,1.674710735521960,4.006666666666670
polymerJ151,"[(1, 'E3'), (2, 'S3'), (3, 'E4'), (4, 'S4'), (5, 'E5'), (6, 'S9'), (7, 'S0'), (8, 'E8'), (9, 'S6'), (10, 'E4'), (11, 'E3'), (12, 'S3'), (13, 'E0'), (14, 'S5'), (15, 'E2'), (16, 'S2'), (17, 'E1'), (18, 'E4'), (19, 'E6')]",830.0,14014.102922903800,311.2480981181700,17.72787792682650,0.1244069460391090,1.7286443683801400,4.001553571428570
polymerJ152,"[(1, 'S4'), (2, 'S6'), (3, 'E2'), (4, 'S5'), (5, 'E6'), (6, 'S7'), (7, 'S1'), (8, 'E4'), (9, 'E5'), (10, 'E7'), (11, 'E5'), (12, 'S3'), (13, 'S6'), (14, 'S2'), (15, 'S2'), (16, 'S1'), (17, 'S8'), (18, 'E3')]",830.0,14473.213638312100,412.79151268347100,18.336220038959000,0.1895898935776670,1.6916766134078100,4.1080580357142900
polymerJ153,"[(1, 'E3'), (2, 'S4'), (3, 'S0'), (4, 'E5'), (5, 'S8'), (6, 'E3'), (7, 'S7'), (8, 'S3'), (9, 'S8'), (10, 'S1'), (11, 'E4'), (12, 'S0'), (13, 'S1'), (14, 'E4'), (15, 'E1'), (16, 'S9'), (17, 'E4'), (18, 'E4')]",830.0,13966.151592471300,242.52070489540300,17.684561922209600,0.1182897101977980,1.7203782865229700,3.877295918367350
polymerJ154,"[(1, 'E2'), (2, 'E3'), (3, 'S7'), (4, 'E4'), (5, 'S5'), (6, 'S8'), (7, 'S4'), (8, 'S6'), (9, 'E3'), (10, 'S3'), (11, 'E7'), (12, 'S5'), (13, 'S0'), (14, 'S1'), (15, 'E5'), (16, 'S5'), (17, 'S5'), (18, 'E8'), (19, 'S0'), (20, 'E4')]",830.0,17801.640731213500,328.57304191309700,17.310846683638400,0.1010140288090400,1.7427230705555900,4.0522222222222200
polymerJ155,"[(1, 'S2'), (2, 'E5'), (3, 'E0'), (4, 'S8'), (5, 'S5'), (6, 'S9'), (7, 'S1'), (8, 'S6'), (9, 'E9'), (10, 'S0'), (11, 'S0'), (12, 'S8'), (13, 'E7'), (14, 'E7'), (15, 'E1'), (16, 'E5'), (17, 'S7'), (18, 'E3'), (19, 'S8'), (20, 'E9')]",830.0,17668.529145494000,408.2901162472730,19.00488736833850,0.1253742373616990,1.911747731934030,4.211335403726710
polymerJ156,"[(1, 'S3'), (2, 'S5'), (3, 'E8'), (4, 'E1'), (5, 'E2'), (6, 'S7'), (7, 'S2'), (8, 'E5'), (9, 'E2'), (10, 'S6'), (11, 'S9'), (12, 'S8'), (13, 'S3'), (14, 'E9'), (15, 'E7'), (16, 'E6')]",830.0,15131.341868660600,335.5438330384490,18.544892561095100,0.1504334327235160,1.9244663168205400,4.408196428571430
polymerJ157,"[(1, 'E1'), (2, 'S7'), (3, 'S4'), (4, 'S3'), (5, 'E5'), (6, 'E8'), (7, 'E1'), (8, 'E4'), (9, 'S9'), (10, 'E1'), (11, 'E4'), (12, 'S5'), (13, 'S4'), (14, 'E3'), (15, 'S3'), (16, 'E5')]",,,,,,,
polymerJ158,"[(1, 'E7'), (2, 'E4'), (3, 'S1'), (4, 'E4'), (5, 'E0'), (6, 'S1'), (7, 'S2'), (8, 'E9'), (9, 'E3'), (10, 'S5'), (11, 'S5'), (12, 'S4'), (13, 'S7'), (14, 'S2'), (15, 'E8'), (16, 'E7')]",830.0,12528.06674889720,303.2681852238490,16.51876439775740,0.1268200605793970,1.8418820360438400,4.342789115646260
polymerJ159,"[(1, 'S9'), (2, 'S2'), (3, 'S8'), (4, 'S9'), (5, 'S5'), (6, 'S0'), (7, 'E2'), (8, 'E7'), (9, 'E3'), (10, 'E7'), (11, 'E9'), (12, 'S7'), (13, 'E6'), (14, 'E4'), (15, 'S1'), (16, 'E7'), (17, 'S0'), (18, 'S2'), (19, 'S5')]",830.0,14780.3830333888,370.14452152925400,19.375543804168700,0.1114835363963170,1.942444194439930,4.581777777777780
polymerJ16,"[(1, 'E6'), (2, 'E5'), (3, 'S9'), (4, 'E0'), (5, 'S4'), (6, 'S2'), (7, 'S6'), (8, 'S9'), (9, 'E8'), (10, 'E2'), (11, 'E0'), (12, 'S6')]",830.0,12429.217304515600,375.2504967050260,17.42119308607920,0.1675360052873210,1.9360110436994900,4.512074829931970
polymerJ160,"[(1, 'E0'), (2, 'E1'), (3, 'S9'), (4, 'E3'), (5, 'S6'), (6, 'S9'), (7, 'E9'), (8, 'S0'), (9, 'S5'), (10, 'S6'), (11, 'E3'), (12, 'S3'), (13, 'S1'), (14, 'S3'), (15, 'S7'), (16, 'S3'), (17, 'E6'), (18, 'E1'), (19, 'S5'), (20, 'S6')]",830.0,16549.26751322250,300.22385118015800,19.697553322655800,0.1029320891610390,1.2977149524314000,2.9171118012422400
polymerJ161,"[(1, 'E1'), (2, 'S9'), (3, 'S3'), (4, 'E0'), (5, 'S9'), (6, 'S9'), (7, 'S9'), (8, 'S4'), (9, 'S9'), (10, 'S8'), (11, 'E4'), (12, 'E9'), (13, 'S6'), (14, 'E4'), (15, 'S6'), (16, 'S4'), (17, 'E3'), (18, 'S3'), (19, 'S8'), (20, 'S3')]",830.0,20531.618752089600,298.3341178150090,21.459976391111100,0.1412550393761690,1.7425572391807000,4.65952380952381
polymerJ162,"[(1, 'S1'), (2, 'S7'), (3, 'E2'), (4, 'E9'), (5, 'S2'), (6, 'S1'), (7, 'E3'), (8, 'S7'), (9, 'E1'), (10, 'S2'), (11, 'S3'), (12, 'S2'), (13, 'S4'), (14, 'E8'), (15, 'S1'), (16, 'E9'), (17, 'S4'), (18, 'E3'), (19, 'S4'), (20, 'S2')]",830.0,16112.610126206000,303.1175950247940,17.6959537921633,0.1712847955349330,1.843795480918180,4.380734693877550
polymerJ163,"[(1, 'E3'), (2, 'E4'), (3, 'E9'), (4, 'E2'), (5, 'E9'), (6, 'S5'), (7, 'E4'), (8, 'S8'), (9, 'E3'), (10, 'S2'), (11, 'E1'), (12, 'S6'), (13, 'E7'), (14, 'E5'), (15, 'E7'), (16, 'E9'), (17, 'S3'), (18, 'E3')]",,,,,,,
polymerJ164,"[(1, 'S7'), (2, 'S6'), (3, 'E7'), (4, 'S6'), (5, 'S6'), (6, 'E9'), (7, 'E9'), (8, 'S1'), (9, 'S8'), (10, 'E2'), (11, 'E8'), (12, 'E8'), (13, 'S8'), (14, 'S0'), (15, 'E7'), (16, 'E6'), (17, 'S4'), (18, 'E5')]",830.0,17112.445377100900,402.0687746775080,19.401199689592600,0.2381426275524960,1.854360206060460,4.09106557377049
polymerJ165,"[(1, 'S5'), (2, 'E6'), (3, 'E9'), (4, 'S7'), (5, 'S5'), (6, 'S6'), (7, 'E8'), (8, 'S3'), (9, 'E4'), (10, 'S1'), (11, 'S7'), (12, 'E3'), (13, 'S9'), (14, 'E6'), (15, 'S9'), (16, 'E7'), (17, 'S3'), (18, 'S5'), (19, 'E1'), (20, 'E9')]",830.0,21401.34382260110,396.4359557813800,19.9409057535444,0.1256255323887860,1.883465164464020,4.181185983827490
polymerJ166,"[(1, 'E0'), (2, 'S6'), (3, 'E2'), (4, 'E8'), (5, 'S4'), (6, 'E6'), (7, 'S3'), (8, 'S5'), (9, 'E0'), (10, 'E3'), (11, 'S9'), (12, 'E0'), (13, 'E9'), (14, 'S3'), (15, 'E4'), (16, 'E9'), (17, 'E7'), (18, 'E4')]",830.0,14350.912291596000,383.5560997968900,17.36598660400940,0.119601671648989,1.792853690840450,4.062554945054950
polymerJ167,"[(1, 'E0'), (2, 'E9'), (3, 'S1'), (4, 'S4'), (5, 'E6'), (6, 'S6'), (7, 'E0'), (8, 'S5'), (9, 'S8'), (10, 'S9'), (11, 'S5'), (12, 'S1'), (13, 'S5'), (14, 'E3'), (15, 'E4'), (16, 'E9'), (17, 'E8'), (18, 'E9'), (19, 'E4')]",830.0,14835.346876845800,450.7139541914070,18.60285301276620,0.1331660536597230,1.9225705345142600,4.108241758241760
polymerJ168,"[(1, 'E7'), (2, 'E9'), (3, 'E5'), (4, 'E3'), (5, 'E8'), (6, 'S2'), (7, 'S2'), (8, 'S9'), (9, 'E6'), (10, 'E1'), (11, 'S3'), (12, 'S2'), (13, 'E5'), (14, 'S7'), (15, 'E0'), (16, 'S7'), (17, 'E4'), (18, 'E9'), (19, 'S0'), (20, 'E9')]",830.0,15396.12613829810,471.2937100607500,19.224479127611400,0.1087175290341260,1.8681136257757600,4.05103896103896
polymerJ169,"[(1, 'S6'), (2, 'E7'), (3, 'S4'), (4, 'E7'), (5, 'S8'), (6, 'S2'), (7, 'E5'), (8, 'E4'), (9, 'S9'), (10, 'E0'), (11, 'E2'), (12, 'S7'), (13, 'E5'), (14, 'S2'), (15, 'E6'), (16, 'E0'), (17, 'E5'), (18, 'S4'), (19, 'E2'), (20, 'E2')]",830.0,16435.00238286490,331.86119315806900,18.69326188428060,0.1372828140663930,1.7606414187789000,3.749793650793650
polymerJ17,"[(1, 'S5'), (2, 'S1'), (3, 'S8'), (4, 'S1'), (5, 'E9'), (6, 'E5'), (7, 'S9'), (8, 'E9'), (9, 'E6'), (10, 'E2'), (11, 'S6'), (12, 'S8'), (13, 'E1'), (14, 'E1'), (15, 'E6'), (16, 'S7'), (17, 'E0'), (18, 'E6'), (19, 'S9')]",830.0,17514.02465239810,351.3699414551030,19.426868103572300,0.1402984016732420,1.873032918598160,3.986253968253970
polymerJ170,"[(1, 'E8'), (2, 'E5'), (3, 'E1'), (4, 'E8'), (5, 'S6'), (6, 'S9'), (7, 'S1'), (8, 'S1'), (9, 'S3'), (10, 'E5'), (11, 'S3'), (12, 'S3'), (13, 'E6'), (14, 'S9'), (15, 'E5'), (16, 'S1'), (17, 'S9'), (18, 'E5'), (19, 'S7'), (20, 'S7')]",830.0,17362.884279061800,260.8847769941720,19.6221152809688,0.1219650228699340,1.7472154633536000,3.8878405315614600
polymerJ171,"[(1, 'E5'), (2, 'S5'), (3, 'S7'), (4, 'E6'), (5, 'E8'), (6, 'S5'), (7, 'S9'), (8, 'E6'), (9, 'S6'), (10, 'E6'), (11, 'E0'), (12, 'E6'), (13, 'S1'), (14, 'E0'), (15, 'S3'), (16, 'E1'), (17, 'E8'), (18, 'S5'), (19, 'S9')]",830.0,17949.25725105510,360.4564008339740,19.06038586548400,0.1336383944145820,1.849785395307430,4.100791925465840
polymerJ172,"[(1, 'S3'), (2, 'S6'), (3, 'S1'), (4, 'S7'), (5, 'S5'), (6, 'E5'), (7, 'E9'), (8, 'E4'), (9, 'E2'), (10, 'E5'), (11, 'S6'), (12, 'S8'), (13, 'S8'), (14, 'E6'), (15, 'E5'), (16, 'E7'), (17, 'S9')]",830.0,17063.330243641300,386.67499831006400,18.511106529917000,0.0956620455615331,1.905203711769230,4.373355481727580
polymerJ173,"[(1, 'S6'), (2, 'E4'), (3, 'S8'), (4, 'E5'), (5, 'S0'), (6, 'E5'), (7, 'E6'), (8, 'S0'), (9, 'E1'), (10, 'E0'), (11, 'E1'), (12, 'E7'), (13, 'E6'), (14, 'E8'), (15, 'S5'), (16, 'E3'), (17, 'S6'), (18, 'S0'), (19, 'E7'), (20, 'S9')]",830.0,14892.257235070400,374.5480202048340,18.311322363444700,0.1302292167616220,1.7078759099194800,3.758221024258760
polymerJ174,"[(1, 'S0'), (2, 'S4'), (3, 'S8'), (4, 'S2'), (5, 'S6'), (6, 'E9'), (7, 'E0'), (8, 'S5'), (9, 'E8'), (10, 'S8'), (11, 'S7'), (12, 'S0'), (13, 'S7'), (14, 'E5'), (15, 'E2'), (16, 'E6'), (17, 'S4'), (18, 'S1')]",830.0,15933.471530887700,280.7596111879910,18.518515387262600,0.161707745232732,1.8408870447091800,4.321119047619050
polymerJ175,"[(1, 'S8'), (2, 'S9'), (3, 'E2'), (4, 'E1'), (5, 'S4'), (6, 'E3'), (7, 'E2'), (8, 'S0'), (9, 'E8'), (10, 'S1'), (11, 'E1'), (12, 'S1'), (13, 'S3'), (14, 'E5'), (15, 'S8'), (16, 'S1'), (17, 'E6'), (18, 'E5'), (19, 'E6')]",,,,,,,
polymerJ176,"[(1, 'S2'), (2, 'S4'), (3, 'E7'), (4, 'E7'), (5, 'S1'), (6, 'E5'), (7, 'E7'), (8, 'E0'), (9, 'S9'), (10, 'E1'), (11, 'E3'), (12, 'S2'), (13, 'E5'), (14, 'S3'), (15, 'E4'), (16, 'E2'), (17, 'S8'), (18, 'E4'), (19, 'S7')]",830.0,14440.464172825000,320.181020937494,18.252883215631800,0.1495187512569240,1.7894536464868000,3.946460317460320
polymerJ177,"[(1, 'S0'), (2, 'E1'), (3, 'E5'), (4, 'E9'), (5, 'E4'), (6, 'E8'), (7, 'S4'), (8, 'E4'), (9, 'S3'), (10, 'S5'), (11, 'E1'), (12, 'E7'), (13, 'E4'), (14, 'E9'), (15, 'S3'), (16, 'E5'), (17, 'S3')]",,,,,,,
polymerJ178,"[(1, 'E6'), (2, 'S6'), (3, 'S6'), (4, 'E7'), (5, 'S9'), (6, 'E1'), (7, 'E9'), (8, 'S3'), (9, 'S2'), (10, 'E9'), (11, 'E6'), (12, 'E8'), (13, 'E5'), (14, 'S4'), (15, 'E6'), (16, 'S8'), (17, 'E2'), (18, 'E5')]",830.0,16234.821663840800,538.8352366148130,18.108160320009500,0.1290296875528710,1.8058614362843100,4.112500000000000
polymerJ179,"[(1, 'E8'), (2, 'S4'), (3, 'S1'), (4, 'S4'), (5, 'E2'), (6, 'S9'), (7, 'E4'), (8, 'E0'), (9, 'E4'), (10, 'E4'), (11, 'S7'), (12, 'S1'), (13, 'E3'), (14, 'E8'), (15, 'E3'), (16, 'S9'), (17, 'E7'), (18, 'S3')]",830.0,15030.268638300100,347.6134778066910,18.18389632838110,0.1245687170948220,1.8198551706298700,4.079933554817280
polymerJ18,"[(1, 'E5'), (2, 'E2'), (3, 'E2'), (4, 'E8'), (5, 'S9'), (6, 'E4'), (7, 'S2'), (8, 'E0'), (9, 'S2'), (10, 'S0'), (11, 'S2'), (12, 'E0')]",,,,,,,
polymerJ180,"[(1, 'S2'), (2, 'S2'), (3, 'S6'), (4, 'E0'), (5, 'S4'), (6, 'S6'), (7, 'E9'), (8, 'S6'), (9, 'E4'), (10, 'E4'), (11, 'E6'), (12, 'E3'), (13, 'S8'), (14, 'S9'), (15, 'E7'), (16, 'S9')]",830.0,15713.499170302600,333.3393020690880,18.89904635497500,0.1171607999234270,1.8915736195987800,4.378463203463200
polymerJ181,"[(1, 'S6'), (2, 'E4'), (3, 'S1'), (4, 'S4'), (5, 'S0'), (6, 'S2'), (7, 'E4'), (8, 'S0'), (9, 'E7'), (10, 'S4'), (11, 'S4'), (12, 'S2'), (13, 'E3'), (14, 'E6'), (15, 'E0'), (16, 'E1'), (17, 'E0'), (18, 'S5'), (19, 'E6')]",830.0,12393.111730313300,273.90092047039600,16.987448740686700,0.1540701495652000,1.735013053610300,3.8908064516129000
polymerJ182,"[(1, 'E6'), (2, 'S7'), (3, 'S5'), (4, 'E1'), (5, 'E8'), (6, 'E8'), (7, 'S5'), (8, 'S6'), (9, 'S9'), (10, 'S1'), (11, 'E0'), (12, 'S2'), (13, 'S6'), (14, 'S5'), (15, 'E3'), (16, 'E3'), (17, 'S8'), (18, 'E6'), (19, 'E4'), (20, 'S4')]",830.0,18358.650740576400,392.3257252480600,18.49380288260320,0.1059428710447570,1.825995537317870,4.401355311355310
polymerJ183,"[(1, 'E0'), (2, 'S2'), (3, 'E0'), (4, 'S3'), (5, 'S4'), (6, 'S0'), (7, 'S0'), (8, 'E8'), (9, 'S0'), (10, 'S2'), (11, 'E8'), (12, 'E5'), (13, 'E4'), (14, 'E0'), (15, 'E8'), (16, 'E2'), (17, 'E5'), (18, 'S8'), (19, 'E9'), (20, 'E7')]",830.0,11407.867375049000,360.39484623179000,17.19073895590650,0.1140965906758560,1.8498228322723700,3.84934948979592
polymerJ184,"[(1, 'S3'), (2, 'S4'), (3, 'E8'), (4, 'S1'), (5, 'E4'), (6, 'E1'), (7, 'E8'), (8, 'S7'), (9, 'E9'), (10, 'S4'), (11, 'S6'), (12, 'E8'), (13, 'S2'), (14, 'S7'), (15, 'S8'), (16, 'S3')]",830.0,14477.213211431800,332.16617082922600,18.513466050965400,0.0994481066111376,1.9021051957732000,4.39092105263158
polymerJ185,"[(1, 'E1'), (2, 'S6'), (3, 'S4'), (4, 'S3'), (5, 'E7'), (6, 'S9'), (7, 'S8'), (8, 'S1'), (9, 'E1'), (10, 'E0'), (11, 'S7'), (12, 'S1'), (13, 'S7'), (14, 'E5'), (15, 'E3'), (16, 'E6'), (17, 'E8')]",830.0,13255.322162761300,282.74853061500300,19.612066647665800,0.1441460122513880,1.7306923716359700,4.249746543778800
polymerJ186,"[(1, 'E9'), (2, 'E9'), (3, 'E7'), (4, 'E7'), (5, 'S2'), (6, 'E1'), (7, 'E9'), (8, 'E8'), (9, 'E8'), (10, 'S0'), (11, 'E2'), (12, 'S8'), (13, 'E9'), (14, 'E5'), (15, 'S8'), (16, 'E5')]",,,,,,,
polymerJ187,"[(1, 'E2'), (2, 'E1'), (3, 'S7'), (4, 'E6'), (5, 'S3'), (6, 'S0'), (7, 'E7'), (8, 'E2'), (9, 'S3'), (10, 'S2'), (11, 'E1'), (12, 'S4'), (13, 'E8'), (14, 'E1'), (15, 'S6'), (16, 'S7')]",830.0,11947.203291648500,395.81176761780500,18.129504198346800,0.1517285584597770,1.7353031565428600,4.33905612244898
polymerJ188,"[(1, 'S5'), (2, 'E5'), (3, 'E6'), (4, 'S3'), (5, 'E8'), (6, 'E9'), (7, 'S7'), (8, 'E7'), (9, 'S5'), (10, 'S2'), (11, 'E5'), (12, 'E3'), (13, 'E6'), (14, 'E6'), (15, 'S4'), (16, 'S4'), (17, 'S3'), (18, 'S3'), (19, 'S2'), (20, 'S5')]",830.0,16470.56932510210,385.0377985881950,18.580926513671900,0.1776455336493520,1.8903722081504000,4.132363636363640
polymerJ189,"[(1, 'S3'), (2, 'E6'), (3, 'S6'), (4, 'E1'), (5, 'S7'), (6, 'E9'), (7, 'E8'), (8, 'E9'), (9, 'E6'), (10, 'S8'), (11, 'S5'), (12, 'E4'), (13, 'S0'), (14, 'E1'), (15, 'S5'), (16, 'E3'), (17, 'S1'), (18, 'E9'), (19, 'S6')]",830.0,17127.281559099600,414.97091332408000,18.7348436328343,0.1149604655735010,1.899285382274170,4.3249617346938800
polymerJ19,"[(1, 'S6'), (2, 'E3'), (3, 'S4'), (4, 'S5'), (5, 'E4'), (6, 'S2'), (7, 'S2'), (8, 'S9'), (9, 'E2'), (10, 'S1'), (11, 'S4'), (12, 'S2'), (13, 'E5'), (14, 'E6'), (15, 'E8'), (16, 'E0'), (17, 'S6')]",,,,,,,
polymerJ190,"[(1, 'E7'), (2, 'S4'), (3, 'S4'), (4, 'S0'), (5, 'S1'), (6, 'E8'), (7, 'E2'), (8, 'S9'), (9, 'S1'), (10, 'S0'), (11, 'S3'), (12, 'E8'), (13, 'E2'), (14, 'E6'), (15, 'E7'), (16, 'E0'), (17, 'E4'), (18, 'E4'), (19, 'S3'), (20, 'E6')]",830.0,13020.81148741430,397.161596202459,17.395174982207200,0.125171879015656,1.8145552085050500,4.0712433862433900
polymerJ191,"[(1, 'E5'), (2, 'S7'), (3, 'S9'), (4, 'S4'), (5, 'S0'), (6, 'E5'), (7, 'E0'), (8, 'E2'), (9, 'E0'), (10, 'S1'), (11, 'E4'), (12, 'S2'), (13, 'E1'), (14, 'S2'), (15, 'E1'), (16, 'S8')]",,,,,,,
polymerJ192,"[(1, 'E5'), (2, 'S2'), (3, 'E1'), (4, 'S8'), (5, 'E7'), (6, 'E9'), (7, 'S7'), (8, 'E4'), (9, 'E0'), (10, 'S6'), (11, 'S2'), (12, 'E0'), (13, 'E9'), (14, 'E9'), (15, 'E3'), (16, 'S4'), (17, 'S1'), (18, 'E1'), (19, 'E6')]",,,,,,,
polymerJ193,"[(1, 'E0'), (2, 'S3'), (3, 'E9'), (4, 'E8'), (5, 'S4'), (6, 'E8'), (7, 'S7'), (8, 'E5'), (9, 'S5'), (10, 'S6'), (11, 'S4'), (12, 'S2'), (13, 'E7'), (14, 'E9'), (15, 'E7'), (16, 'S3'), (17, 'S7'), (18, 'E5'), (19, 'E3')]",830.0,17516.134137453900,463.6499470465950,17.58784920283730,0.1261724580598600,1.897221371245780,4.160491803278690
polymerJ194,"[(1, 'E7'), (2, 'E5'), (3, 'S8'), (4, 'E2'), (5, 'E2'), (6, 'E8'), (7, 'E0'), (8, 'S8'), (9, 'E7'), (10, 'S1'), (11, 'S0'), (12, 'E9'), (13, 'S6'), (14, 'E7'), (15, 'E7'), (16, 'S9'), (17, 'S7'), (18, 'E5')]",830.0,15903.419762582900,416.0854016449100,19.072020899908900,0.1516791362945390,1.821327097715710,4.200048426150120
polymerJ195,"[(1, 'S3'), (2, 'S9'), (3, 'E5'), (4, 'S1'), (5, 'E6'), (6, 'E5'), (7, 'S9'), (8, 'E7'), (9, 'S4'), (10, 'S4'), (11, 'S1'), (12, 'S3'), (13, 'E7'), (14, 'E5'), (15, 'E0'), (16, 'E9'), (17, 'E1'), (18, 'S2'), (19, 'S1'), (20, 'S8')]",830.0,15903.90531069440,390.3463743497570,18.692846644265300,0.1352377769616760,1.858546026520420,3.975920634920640
polymerJ196,"[(1, 'E9'), (2, 'E3'), (3, 'E8'), (4, 'E1'), (5, 'S6'), (6, 'S0'), (7, 'E0'), (8, 'S3'), (9, 'S5'), (10, 'E0'), (11, 'S5'), (12, 'E4'), (13, 'E6'), (14, 'E1'), (15, 'E1'), (16, 'E3'), (17, 'S7'), (18, 'E0')]",,,,,,,
polymerJ197,"[(1, 'E6'), (2, 'E1'), (3, 'S0'), (4, 'S4'), (5, 'E0'), (6, 'S6'), (7, 'E2'), (8, 'S1'), (9, 'S0'), (10, 'E7'), (11, 'S1'), (12, 'E9'), (13, 'S9'), (14, 'S0'), (15, 'E2'), (16, 'E7'), (17, 'S7')]",,,,,,,
polymerJ198,"[(1, 'E8'), (2, 'S4'), (3, 'S4'), (4, 'S1'), (5, 'S0'), (6, 'S0'), (7, 'E6'), (8, 'S8'), (9, 'E4'), (10, 'E9'), (11, 'S4'), (12, 'S2'), (13, 'E3'), (14, 'S1'), (15, 'S5'), (16, 'S8')]",830.0,12511.962555906400,335.99358389107300,18.102508948871100,0.1180436287840230,1.8562456289005800,4.307452380952380
polymerJ199,"[(1, 'E4'), (2, 'E0'), (3, 'E1'), (4, 'S7'), (5, 'S9'), (6, 'E5'), (7, 'S4'), (8, 'S8'), (9, 'E7'), (10, 'S1'), (11, 'S1'), (12, 'S5'), (13, 'S7'), (14, 'E6'), (15, 'S9'), (16, 'S1'), (17, 'S9'), (18, 'S6')]",830.0,16407.249800946200,380.7998217738350,19.969421498434900,0.1326454269511780,1.5681595871061100,3.561055900621120
polymerJ2,"[(1, 'E9'), (2, 'E8'), (3, 'S6'), (4, 'E8'), (5, 'S3'), (6, 'E7'), (7, 'E0'), (8, 'S6'), (9, 'E9'), (10, 'E4'), (11, 'E1'), (12, 'E0')]",,,,,,,
polymerJ20,"[(1, 'S6'), (2, 'E9'), (3, 'S1'), (4, 'E5'), (5, 'E3'), (6, 'E9'), (7, 'S4'), (8, 'S8'), (9, 'E2'), (10, 'E2'), (11, 'E4'), (12, 'E7')]",,,,,,,
polymerJ200,"[(1, 'E8'), (2, 'S9'), (3, 'S2'), (4, 'E7'), (5, 'E3'), (6, 'E7'), (7, 'E0'), (8, 'E7'), (9, 'E5'), (10, 'E2'), (11, 'E4'), (12, 'S6'), (13, 'S3'), (14, 'S7'), (15, 'E5'), (16, 'S4'), (17, 'E6')]",830.0,14404.925883277800,330.8357415968170,17.52931318146840,0.128200036536595,1.718216802498250,3.952539682539680
polymerJ201,"[(1, 'E4'), (2, 'S7'), (3, 'E4'), (4, 'S6'), (5, 'E9'), (6, 'E9'), (7, 'S0'), (8, 'S4'), (9, 'S2'), (10, 'S9'), (11, 'E0'), (12, 'E9'), (13, 'E8'), (14, 'E2'), (15, 'S7'), (16, 'S9'), (17, 'E3'), (18, 'S5'), (19, 'S2'), (20, 'E9')]",830.0,18197.46135962630,440.4608332367750,18.64252725056240,0.1417856684863260,1.887207181119970,4.1749498746867200
polymerJ202,"[(1, 'S8'), (2, 'S0'), (3, 'E0'), (4, 'S7'), (5, 'S3'), (6, 'E6'), (7, 'E2'), (8, 'S9'), (9, 'E6'), (10, 'S8'), (11, 'E4'), (12, 'S4'), (13, 'E2'), (14, 'S6'), (15, 'S0'), (16, 'E3'), (17, 'E3'), (18, 'E2')]",830.0,14207.243644615400,324.64294153769500,18.108588282040200,0.1105303150533130,1.804569860994120,4.020433673469390
polymerJ203,"[(1, 'S9'), (2, 'S3'), (3, 'E4'), (4, 'E1'), (5, 'S8'), (6, 'E8'), (7, 'E0'), (8, 'E3'), (9, 'S6'), (10, 'S7'), (11, 'S8'), (12, 'E5'), (13, 'E4'), (14, 'S2'), (15, 'S5'), (16, 'E4'), (17, 'S2'), (18, 'S2'), (19, 'E2')]",830.0,16679.10285130090,433.4722576402980,19.27044724191940,0.1703564863192830,1.7064965525797500,3.8195161290322600
polymerJ204,"[(1, 'E9'), (2, 'S3'), (3, 'S1'), (4, 'S1'), (5, 'E7'), (6, 'S1'), (7, 'E5'), (8, 'E6'), (9, 'S1'), (10, 'S5'), (11, 'E4'), (12, 'S1'), (13, 'S4'), (14, 'E4'), (15, 'E1'), (16, 'E5')]",830.0,10544.040313050500,273.89720964946300,15.554323871476300,0.1423579483073140,1.7664549724849300,4.017804878048780
polymerJ205,"[(1, 'S9'), (2, 'S9'), (3, 'S1'), (4, 'S3'), (5, 'E3'), (6, 'E5'), (7, 'S5'), (8, 'E4'), (9, 'S4'), (10, 'S2'), (11, 'E0'), (12, 'E9'), (13, 'S1'), (14, 'S6'), (15, 'S3'), (16, 'S4'), (17, 'S5'), (18, 'E9'), (19, 'S9'), (20, 'S7')]",830.0,17709.483888626800,328.60207505691300,20.714082046236300,0.1261338775233320,1.59785968539469,3.4828333333333300
polymerJ206,"[(1, 'E7'), (2, 'S2'), (3, 'E0'), (4, 'E6'), (5, 'S6'), (6, 'E9'), (7, 'E0'), (8, 'E2'), (9, 'E5'), (10, 'E0'), (11, 'S6'), (12, 'S6'), (13, 'S9'), (14, 'S4'), (15, 'E6'), (16, 'E2'), (17, 'S0')]",830.0,12667.316034210500,367.9249664725390,17.29056932040620,0.1191030038032990,1.8740175669875600,4.3318725868725900
polymerJ207,"[(1, 'E4'), (2, 'E8'), (3, 'S4'), (4, 'E9'), (5, 'E1'), (6, 'E8'), (7, 'S7'), (8, 'S7'), (9, 'S1'), (10, 'E8'), (11, 'E2'), (12, 'E1'), (13, 'E1'), (14, 'S8'), (15, 'E0'), (16, 'S7'), (17, 'E8'), (18, 'S9')]",830.0,15137.892206289800,425.892876270879,18.359664842060600,0.1066633675950370,1.8464589961832700,4.244314285714290
polymerJ208,"[(1, 'E2'), (2, 'E8'), (3, 'S5'), (4, 'E9'), (5, 'E1'), (6, 'S2'), (7, 'S3'), (8, 'S8'), (9, 'S0'), (10, 'S4'), (11, 'S1'), (12, 'S9'), (13, 'E5'), (14, 'S0'), (15, 'E0'), (16, 'E7'), (17, 'S9')]",830.0,13508.452006289700,359.11445009759200,18.562200260162400,0.1134205236883650,1.9434859588715200,4.143571428571430
polymerJ209,"[(1, 'S9'), (2, 'S4'), (3, 'E2'), (4, 'E1'), (5, 'E1'), (6, 'E4'), (7, 'E7'), (8, 'E7'), (9, 'E7'), (10, 'E6'), (11, 'S6'), (12, 'S4'), (13, 'S9'), (14, 'E2'), (15, 'E7'), (16, 'S9')]",830.0,13790.001854374000,349.4286208389790,18.63362426621570,0.2068042849411240,1.829635988848040,4.009870129870130
polymerJ21,"[(1, 'S9'), (2, 'S8'), (3, 'S1'), (4, 'E8'), (5, 'E2'), (6, 'E8'), (7, 'S2'), (8, 'E0'), (9, 'S3'), (10, 'E1'), (11, 'S1'), (12, 'S9'), (13, 'E3'), (14, 'E2'), (15, 'E7'), (16, 'E3'), (17, 'E2')]",830.0,12441.657422430000,268.1175366991210,17.529794332640500,0.1734276784487300,1.7788871786807000,4.088234126984130
polymerJ210,"[(1, 'E3'), (2, 'S8'), (3, 'E7'), (4, 'E1'), (5, 'E4'), (6, 'S0'), (7, 'E9'), (8, 'S6'), (9, 'S8'), (10, 'S5'), (11, 'S7'), (12, 'S8'), (13, 'S1'), (14, 'E7'), (15, 'S0'), (16, 'E5'), (17, 'S7'), (18, 'E1')]",830.0,16008.74776016660,326.26178162428300,18.438555804661300,0.0985487877521473,1.8252195512191400,4.211196911196910
polymerJ211,"[(1, 'S3'), (2, 'E1'), (3, 'S1'), (4, 'S0'), (5, 'S3'), (6, 'E4'), (7, 'S8'), (8, 'E8'), (9, 'E5'), (10, 'E5'), (11, 'E3'), (12, 'E6'), (13, 'E4'), (14, 'E6'), (15, 'E3'), (16, 'S8'), (17, 'E4'), (18, 'S0'), (19, 'E1'), (20, 'E9')]",,,,,,,
polymerJ212,"[(1, 'S1'), (2, 'E9'), (3, 'S6'), (4, 'S9'), (5, 'S3'), (6, 'E4'), (7, 'E8'), (8, 'E7'), (9, 'S5'), (10, 'E2'), (11, 'S5'), (12, 'E2'), (13, 'E2'), (14, 'E7'), (15, 'S4'), (16, 'E0'), (17, 'S8'), (18, 'S0')]",830.0,14780.966990910700,421.2616201531730,18.16876982688900,0.1868489473618300,1.8888967766880900,4.180557491289200
polymerJ213,"[(1, 'E9'), (2, 'E3'), (3, 'E6'), (4, 'E9'), (5, 'S4'), (6, 'S1'), (7, 'S9'), (8, 'E7'), (9, 'E3'), (10, 'S0'), (11, 'E9'), (12, 'E6'), (13, 'S8'), (14, 'S9'), (15, 'E3'), (16, 'E9'), (17, 'S4')]",830.0,15393.347278574400,493.9705149122670,18.3297596509116,0.1196129212184690,1.856005651022590,4.200167410714290
polymerJ214,"[(1, 'S0'), (2, 'S2'), (3, 'S0'), (4, 'S6'), (5, 'S3'), (6, 'E4'), (7, 'E2'), (8, 'S9'), (9, 'E7'), (10, 'E1'), (11, 'E7'), (12, 'E9'), (13, 'E9'), (14, 'S1'), (15, 'S4'), (16, 'E1'), (17, 'S8')]",830.0,12522.523994314400,413.33706278712500,17.893632140159600,0.1347122073807550,1.9341100789872300,4.080000000000000
polymerJ215,"[(1, 'S1'), (2, 'S9'), (3, 'E5'), (4, 'S6'), (5, 'E3'), (6, 'S0'), (7, 'E8'), (8, 'E0'), (9, 'S2'), (10, 'E8'), (11, 'E8'), (12, 'S7'), (13, 'S1'), (14, 'E8'), (15, 'S0'), (16, 'E6'), (17, 'E8')]",830.0,13024.66237528710,429.2819016847860,18.55257680756710,0.2007270065026150,1.839656770523300,3.897116402116400
polymerJ216,"[(1, 'S0'), (2, 'E5'), (3, 'S3'), (4, 'S5'), (5, 'E4'), (6, 'S2'), (7, 'S3'), (8, 'E9'), (9, 'E9'), (10, 'S6'), (11, 'S5'), (12, 'E3'), (13, 'E2'), (14, 'E0'), (15, 'E9'), (16, 'E7')]",,,,,,,
polymerJ217,"[(1, 'E6'), (2, 'E9'), (3, 'E5'), (4, 'E9'), (5, 'S1'), (6, 'S6'), (7, 'S1'), (8, 'E7'), (9, 'E3'), (10, 'E8'), (11, 'E7'), (12, 'E8'), (13, 'E8'), (14, 'E5'), (15, 'S5'), (16, 'E7')]",,,,,,,
polymerJ218,"[(1, 'E9'), (2, 'S6'), (3, 'E2'), (4, 'E2'), (5, 'S5'), (6, 'S7'), (7, 'S1'), (8, 'E0'), (9, 'E0'), (10, 'E7'), (11, 'S0'), (12, 'E2'), (13, 'E1'), (14, 'S0'), (15, 'S9'), (16, 'E7'), (17, 'E6'), (18, 'E1'), (19, 'S9'), (20, 'S4')]",830.0,14838.69605709310,371.5087026299010,17.840219595091700,0.1376342539013300,1.8187034957011100,4.039536679536680
polymerJ219,"[(1, 'E8'), (2, 'S1'), (3, 'E8'), (4, 'S4'), (5, 'E3'), (6, 'E9'), (7, 'S8'), (8, 'E3'), (9, 'E2'), (10, 'E7'), (11, 'E9'), (12, 'S0'), (13, 'E2'), (14, 'S3'), (15, 'E6'), (16, 'S7'), (17, 'E5'), (18, 'S0'), (19, 'E5'), (20, 'S1')]",830.0,14477.442297356600,499.9224099397540,17.045656779834200,0.1323093590258870,1.7968104136454800,3.8959061833688700
polymerJ22,"[(1, 'E0'), (2, 'E6'), (3, 'E4'), (4, 'S7'), (5, 'E1'), (6, 'S7'), (7, 'E2'), (8, 'E2'), (9, 'S0'), (10, 'E9'), (11, 'E4'), (12, 'S4'), (13, 'S2'), (14, 'E8'), (15, 'E7'), (16, 'S7'), (17, 'E7')]",,,,,,,
polymerJ220,"[(1, 'S0'), (2, 'E4'), (3, 'S9'), (4, 'S0'), (5, 'E0'), (6, 'S9'), (7, 'S3'), (8, 'E4'), (9, 'S2'), (10, 'S6'), (11, 'S7'), (12, 'S7'), (13, 'S1'), (14, 'S4'), (15, 'E4'), (16, 'S0'), (17, 'S3')]",830.0,12092.2078084722,262.90475209421500,19.08562764712740,0.1694436911718320,1.0800120685757400,2.4547619047619100
polymerJ221,"[(1, 'E3'), (2, 'S2'), (3, 'S1'), (4, 'E6'), (5, 'E2'), (6, 'S2'), (7, 'E7'), (8, 'S7'), (9, 'S7'), (10, 'S9'), (11, 'S4'), (12, 'E9'), (13, 'S7'), (14, 'S0'), (15, 'E9'), (16, 'S2'), (17, 'E0'), (18, 'E2')]",830.0,14344.804700815400,297.3233782516860,17.837378553663000,0.1059603876449430,1.8713692286337300,4.332932330827070
polymerJ222,"[(1, 'S8'), (2, 'E3'), (3, 'E6'), (4, 'S9'), (5, 'E9'), (6, 'E6'), (7, 'E4'), (8, 'E0'), (9, 'S3'), (10, 'E7'), (11, 'S3'), (12, 'S4'), (13, 'E6'), (14, 'E3'), (15, 'S7'), (16, 'E3'), (17, 'E1'), (18, 'S4')]",830.0,15137.2910305661,289.95694600846600,18.128967582838900,0.1353140673494580,1.778961590425820,4.100342261904760
polymerJ223,"[(1, 'S7'), (2, 'E4'), (3, 'S9'), (4, 'E9'), (5, 'S3'), (6, 'E8'), (7, 'E5'), (8, 'E1'), (9, 'E0'), (10, 'E8'), (11, 'E4'), (12, 'E4'), (13, 'S9'), (14, 'S9'), (15, 'E8'), (16, 'E1'), (17, 'E0'), (18, 'S2')]",830.0,15304.395985077600,451.6034786474030,18.615633830343000,0.1550952619745150,1.858690913324620,4.093612637362640
polymerJ224,"[(1, 'S6'), (2, 'E4'), (3, 'E9'), (4, 'S6'), (5, 'E7'), (6, 'E2'), (7, 'S1'), (8, 'S1'), (9, 'S3'), (10, 'S7'), (11, 'S8'), (12, 'S6'), (13, 'E4'), (14, 'E4'), (15, 'S1'), (16, 'E7'), (17, 'E4')]",830.0,14068.536025305200,307.99595053046800,17.129448618207700,0.1052896940595070,1.8560975313786000,4.324599303135890
polymerJ225,"[(1, 'S6'), (2, 'E6'), (3, 'E1'), (4, 'S8'), (5, 'E1'), (6, 'E0'), (7, 'S0'), (8, 'S9'), (9, 'S0'), (10, 'S4'), (11, 'S1'), (12, 'E1'), (13, 'S4'), (14, 'S9'), (15, 'S0'), (16, 'E9'), (17, 'E6')]",830.0,12274.910488095700,297.8704086966030,19.127688337734800,0.1577120127675970,1.9131259668652600,4.2524702380952400
polymerJ226,"[(1, 'E8'), (2, 'E0'), (3, 'E8'), (4, 'S7'), (5, 'S1'), (6, 'E3'), (7, 'S7'), (8, 'S7'), (9, 'S3'), (10, 'S6'), (11, 'S8'), (12, 'S7'), (13, 'E2'), (14, 'E4'), (15, 'E8'), (16, 'E9'), (17, 'S1')]",830.0,15421.357161418600,489.166728813314,18.68121975830620,0.1298056397331230,1.8941828626092500,4.386921768707480
polymerJ227,"[(1, 'S0'), (2, 'E5'), (3, 'E3'), (4, 'S2'), (5, 'E6'), (6, 'S5'), (7, 'E7'), (8, 'E3'), (9, 'E6'), (10, 'S8'), (11, 'E7'), (12, 'E3'), (13, 'S2'), (14, 'E9'), (15, 'E9'), (16, 'S5'), (17, 'S1')]",830.0,13347.475584524300,350.341225419177,16.461214327131000,0.2247468075207210,1.76857730309913,4.125221674876850
polymerJ228,"[(1, 'E7'), (2, 'S8'), (3, 'S8'), (4, 'E1'), (5, 'S8'), (6, 'S4'), (7, 'S9'), (8, 'S5'), (9, 'S3'), (10, 'S8'), (11, 'S2'), (12, 'S0'), (13, 'E1'), (14, 'S3'), (15, 'E8'), (16, 'E9'), (17, 'E0'), (18, 'E5'), (19, 'S1'), (20, 'S4')]",830.0,15747.80712320050,315.4851150711210,20.22973709515160,0.1594898004293450,1.8432029302474200,4.146935483870970
polymerJ229,"[(1, 'S7'), (2, 'S8'), (3, 'S3'), (4, 'E5'), (5, 'E0'), (6, 'S8'), (7, 'E8'), (8, 'E6'), (9, 'E7'), (10, 'S9'), (11, 'S5'), (12, 'S6'), (13, 'S0'), (14, 'E5'), (15, 'S0'), (16, 'E5'), (17, 'S3'), (18, 'S8')]",830.0,17357.67349753680,335.51525479197500,19.76705629757470,0.1558066670696860,1.855531276147490,4.166884920634920
polymerJ23,"[(1, 'S8'), (2, 'E2'), (3, 'S7'), (4, 'E2'), (5, 'E5'), (6, 'E7'), (7, 'S5'), (8, 'E8'), (9, 'S0'), (10, 'E8'), (11, 'S6'), (12, 'E5')]",830.0,10904.467228427100,388.106901733192,17.5015462255478,0.1851238695740030,1.888642491594710,4.432046332046330
polymerJ230,"[(1, 'S5'), (2, 'S8'), (3, 'E8'), (4, 'S7'), (5, 'S6'), (6, 'E3'), (7, 'E9'), (8, 'E8'), (9, 'E4'), (10, 'E8'), (11, 'E6'), (12, 'E8'), (13, 'E4'), (14, 'S6'), (15, 'E2'), (16, 'S0')]",830.0,14179.96765291590,498.1434688343240,17.759186230387,0.1082078027914090,1.8125808168680500,3.9908452380952400
polymerJ231,"[(1, 'S1'), (2, 'E3'), (3, 'E2'), (4, 'E7'), (5, 'S6'), (6, 'S7'), (7, 'S9'), (8, 'S0'), (9, 'S8'), (10, 'E0'), (11, 'E7'), (12, 'S6'), (13, 'E3'), (14, 'S5'), (15, 'E6'), (16, 'E6')]",830.0,13890.56127945670,358.5531878471440,18.19398225852420,0.1155043696374870,1.8644606855611000,4.156344537815130
polymerJ232,"[(1, 'E0'), (2, 'S3'), (3, 'E7'), (4, 'E4'), (5, 'E4'), (6, 'E7'), (7, 'S3'), (8, 'E5'), (9, 'E5'), (10, 'E0'), (11, 'E8'), (12, 'S7'), (13, 'E4'), (14, 'E6'), (15, 'S7'), (16, 'S9')]",,,,,,,
polymerJ233,"[(1, 'E1'), (2, 'S6'), (3, 'S0'), (4, 'E1'), (5, 'E2'), (6, 'E7'), (7, 'E1'), (8, 'S0'), (9, 'E2'), (10, 'E8'), (11, 'S8'), (12, 'E6'), (13, 'S0'), (14, 'S1'), (15, 'S7'), (16, 'S5'), (17, 'S9'), (18, 'S3')]",830.0,12016.638468698900,360.5639346765800,18.78927996907920,0.226767827547213,1.857763628500900,4.263341836734690
polymerJ234,"[(1, 'E8'), (2, 'E2'), (3, 'E8'), (4, 'S3'), (5, 'E1'), (6, 'E5'), (7, 'S1'), (8, 'S5'), (9, 'E3'), (10, 'E9'), (11, 'E1'), (12, 'E7'), (13, 'S8'), (14, 'S1'), (15, 'E0'), (16, 'E1'), (17, 'S4'), (18, 'S2'), (19, 'E8')]",,,,,,,
polymerJ235,"[(1, 'S0'), (2, 'E0'), (3, 'E8'), (4, 'E4'), (5, 'S7'), (6, 'S5'), (7, 'E9'), (8, 'E2'), (9, 'E0'), (10, 'S6'), (11, 'E3'), (12, 'S4'), (13, 'E6'), (14, 'E6'), (15, 'S1'), (16, 'S4'), (17, 'S7'), (18, 'E3'), (19, 'S7')]",830.0,14871.257209133300,337.61701137955600,19.148996359280200,0.1451403896872460,1.80343579488567,3.8430836236933800
polymerJ236,"[(1, 'E0'), (2, 'S9'), (3, 'E9'), (4, 'S2'), (5, 'S8'), (6, 'E7'), (7, 'E7'), (8, 'E0'), (9, 'S6'), (10, 'E2'), (11, 'S3'), (12, 'S3'), (13, 'E3'), (14, 'S6'), (15, 'E6'), (16, 'E2')]",830.0,14090.768419143700,311.2926230243750,17.471041140556300,0.1268542561670100,1.8018059961756300,4.505119047619050
polymerJ237,"[(1, 'E1'), (2, 'S4'), (3, 'S4'), (4, 'E7'), (5, 'E2'), (6, 'E5'), (7, 'E1'), (8, 'S1'), (9, 'E8'), (10, 'E4'), (11, 'E8'), (12, 'S5'), (13, 'E0'), (14, 'E4'), (15, 'S3'), (16, 'E3'), (17, 'E4'), (18, 'S7'), (19, 'S2')]",830.0,13607.015044987100,389.5131747113600,17.38080084664480,0.1463857166977120,1.7606135539552000,3.9941945288753800
polymerJ238,"[(1, 'E6'), (2, 'E3'), (3, 'E5'), (4, 'S5'), (5, 'E4'), (6, 'S2'), (7, 'S4'), (8, 'E7'), (9, 'S8'), (10, 'E5'), (11, 'E4'), (12, 'S2'), (13, 'E0'), (14, 'S9'), (15, 'E7'), (16, 'E1'), (17, 'S3'), (18, 'S2'), (19, 'S3'), (20, 'E7')]",830.0,15859.449518966100,264.1923136659940,17.57540816511430,0.1191709517219360,1.774036747784940,3.901632653061230
polymerJ239,"[(1, 'S7'), (2, 'E8'), (3, 'S9'), (4, 'S9'), (5, 'S1'), (6, 'S9'), (7, 'E1'), (8, 'S2'), (9, 'E2'), (10, 'E8'), (11, 'S7'), (12, 'S1'), (13, 'E3'), (14, 'S4')]",830.0,14269.89965115770,337.710370382999,18.776812242099200,0.1039451579582080,1.755603067164310,3.936136363636360
polymerJ24,"[(1, 'S2'), (2, 'S6'), (3, 'E3'), (4, 'E7'), (5, 'S1'), (6, 'S1'), (7, 'S8'), (8, 'S4'), (9, 'E5'), (10, 'S9'), (11, 'E0'), (12, 'E7'), (13, 'E1'), (14, 'E4'), (15, 'E6'), (16, 'E0'), (17, 'S8'), (18, 'E5'), (19, 'E4'), (20, 'S4')]",830.0,16035.39659288780,428.6390969472210,18.587363627297500,0.1130501568067390,1.8032304495820800,3.979251700680270
polymerJ240,"[(1, 'S6'), (2, 'S7'), (3, 'S0'), (4, 'S5'), (5, 'E9'), (6, 'E0'), (7, 'E8'), (8, 'E3'), (9, 'E2'), (10, 'S6'), (11, 'E6'), (12, 'S2')]",830.0,9543.89866120368,341.6405464083350,17.341643188340300,0.1531948529279500,1.9277957109019000,4.126454081632650
polymerJ241,"[(1, 'E9'), (2, 'S6'), (3, 'S5'), (4, 'S6'), (5, 'S0'), (6, 'S1'), (7, 'E3'), (8, 'S0'), (9, 'E4'), (10, 'S3'), (11, 'S2')]",,,,,,,
polymerJ242,"[(1, 'S4'), (2, 'S7'), (3, 'S4'), (4, 'E9'), (5, 'E8'), (6, 'S2'), (7, 'E2'), (8, 'E8'), (9, 'E6'), (10, 'E4'), (11, 'E9'), (12, 'S0'), (13, 'E0'), (14, 'S4')]",,,,,,,
polymerJ243,"[(1, 'S1'), (2, 'E2'), (3, 'S4'), (4, 'E1'), (5, 'E4'), (6, 'E4'), (7, 'S6'), (8, 'E3'), (9, 'E3'), (10, 'E4')]",,,,,,,
polymerJ244,"[(1, 'S2'), (2, 'E6'), (3, 'S8'), (4, 'S6'), (5, 'E3'), (6, 'S6'), (7, 'E8'), (8, 'E8'), (9, 'S1'), (10, 'S2'), (11, 'S4'), (12, 'E5'), (13, 'S5')]",830.0,13518.729805789600,298.305003159067,16.856667288371500,0.128834343402302,1.950183015931730,4.447285714285710
polymerJ245,"[(1, 'E9'), (2, 'S3'), (3, 'E3'), (4, 'E3'), (5, 'S1'), (6, 'S0'), (7, 'E4'), (8, 'S2'), (9, 'E8'), (10, 'E0')]",,,,,,,
polymerJ246,"[(1, 'E4'), (2, 'S8'), (3, 'E0'), (4, 'S0'), (5, 'S6'), (6, 'S0'), (7, 'S1'), (8, 'S9'), (9, 'E3'), (10, 'S3'), (11, 'S0'), (12, 'S7'), (13, 'E4'), (14, 'S4'), (15, 'S5')]",830.0,12108.816629108800,284.71906468074900,18.310793326241600,0.1611680604985210,1.3160325946672100,2.742077922077920
polymerJ247,"[(1, 'S6'), (2, 'E3'), (3, 'S3'), (4, 'S2'), (5, 'E1'), (6, 'S1'), (7, 'E1'), (8, 'E8'), (9, 'E2'), (10, 'E9'), (11, 'E3'), (12, 'S0'), (13, 'E9')]",,,,,,,
polymerJ248,"[(1, 'E1'), (2, 'E2'), (3, 'E5'), (4, 'S9'), (5, 'E8'), (6, 'E5'), (7, 'E3'), (8, 'E6'), (9, 'E8'), (10, 'S9'), (11, 'E3'), (12, 'E2')]",830.0,9155.626634948620,353.6363639648450,16.72798943110880,0.1793165439976930,1.7224207776795400,3.763671096345520
polymerJ249,"[(1, 'S4'), (2, 'E3'), (3, 'E7'), (4, 'S5'), (5, 'S5'), (6, 'S7'), (7, 'S5'), (8, 'S4'), (9, 'S3'), (10, 'E9')]",830.0,11423.449355202700,315.40773167217900,16.253806439127200,0.0963647120158298,1.9953000319162700,4.28736842105263
polymerJ25,"[(1, 'S1'), (2, 'E2'), (3, 'E9'), (4, 'E9'), (5, 'S6'), (6, 'S6'), (7, 'E3'), (8, 'S6'), (9, 'E3'), (10, 'S9'), (11, 'S0'), (12, 'S2')]",830.0,10729.484306616000,440.223440699097,16.956966145379200,0.1483411074613500,1.9003156987449700,4.521236263736270
polymerJ250,"[(1, 'S5'), (2, 'S3'), (3, 'E7'), (4, 'S3'), (5, 'S6'), (6, 'S2'), (7, 'E6'), (8, 'S3'), (9, 'E7'), (10, 'S9'), (11, 'S3')]",830.0,12037.740369260700,276.351200618102,16.63081206594190,0.1772665004830560,1.904107263357520,4.410571428571430
polymerJ251,"[(1, 'E6'), (2, 'S7'), (3, 'S5'), (4, 'S6'), (5, 'S9'), (6, 'E4'), (7, 'E3'), (8, 'S7'), (9, 'E4'), (10, 'E4'), (11, 'S1'), (12, 'S2')]",830.0,12862.847872872500,251.25491399098200,16.351322796004200,0.1212327561656170,1.8675221973600500,4.214285714285710
polymerJ252,"[(1, 'S2'), (2, 'S3'), (3, 'E0'), (4, 'S9'), (5, 'E3'), (6, 'E4'), (7, 'E3'), (8, 'S3'), (9, 'S0'), (10, 'S8'), (11, 'S9'), (12, 'S0'), (13, 'E6')]",830.0,11194.352759301400,240.1208421536920,16.986916261400500,0.1870515097869310,1.9441556645775400,4.190223214285710
polymerJ253,"[(1, 'E2'), (2, 'S1'), (3, 'S8'), (4, 'E0'), (5, 'E1'), (6, 'E2'), (7, 'E0'), (8, 'S6'), (9, 'E2'), (10, 'E9'), (11, 'S5'), (12, 'E9'), (13, 'S3'), (14, 'S7')]",,,,,,,
polymerJ254,"[(1, 'S4'), (2, 'S6'), (3, 'E6'), (4, 'S7'), (5, 'S7'), (6, 'E8'), (7, 'S2'), (8, 'S0'), (9, 'S1'), (10, 'S9')]",830.0,11024.082104759700,269.0722636248680,17.683514368193500,0.1605537459639740,1.9142102522940500,4.487959183673470
polymerJ255,"[(1, 'S1'), (2, 'S7'), (3, 'E0'), (4, 'S5'), (5, 'S4'), (6, 'E9'), (7, 'S7'), (8, 'S2'), (9, 'E7'), (10, 'E4'), (11, 'E2')]",830.0,9014.3238190687,242.7257936609820,16.476812742778200,0.1868191035445430,1.9791630083013400,4.538181818181820
polymerJ256,"[(1, 'S5'), (2, 'E1'), (3, 'S5'), (4, 'S8'), (5, 'E6'), (6, 'E6'), (7, 'E7'), (8, 'S6'), (9, 'S5'), (10, 'E5'), (11, 'E9'), (12, 'S8'), (13, 'E2')]",830.0,13262.087981583900,347.0405503537210,17.285201319285800,0.092108454474467,1.8361842224180100,4.2175198412698400
polymerJ257,"[(1, 'E6'), (2, 'S4'), (3, 'S4'), (4, 'S2'), (5, 'S0'), (6, 'S6'), (7, 'S4'), (8, 'S2'), (9, 'S8'), (10, 'S1'), (11, 'E6'), (12, 'E4'), (13, 'S8'), (14, 'S7'), (15, 'S3')]",830.0,15323.152156148300,284.7285154104160,17.512632749421300,0.109254210245373,1.9371237546643300,4.72200892857143
polymerJ258,"[(1, 'E0'), (2, 'E5'), (3, 'S3'), (4, 'E5'), (5, 'S7'), (6, 'E2'), (7, 'S7'), (8, 'S7'), (9, 'E0'), (10, 'E3'), (11, 'S7'), (12, 'S6'), (13, 'E4'), (14, 'E5'), (15, 'E3')]",830.0,13501.516642074600,288.9153049239350,17.28960237571170,0.107589662799068,1.7650465940896100,4.260264550264550
polymerJ259,"[(1, 'S4'), (2, 'S0'), (3, 'S7'), (4, 'E3'), (5, 'S0'), (6, 'S7'), (7, 'E8'), (8, 'E9'), (9, 'E6'), (10, 'S0')]",,,,,,,
polymerJ26,"[(1, 'S9'), (2, 'E1'), (3, 'S5'), (4, 'S9'), (5, 'S8'), (6, 'S7'), (7, 'S5'), (8, 'S1'), (9, 'E1'), (10, 'E9'), (11, 'S5'), (12, 'S4'), (13, 'S3'), (14, 'E4'), (15, 'E9'), (16, 'S9')]",830.0,15212.87561489310,438.276982491116,20.43437171799800,0.1429763737022940,1.893481266155320,4.231071428571430
polymerJ260,"[(1, 'E4'), (2, 'E8'), (3, 'E3'), (4, 'S7'), (5, 'E6'), (6, 'E8'), (7, 'E7'), (8, 'E8'), (9, 'S9'), (10, 'S9')]",830.0,10587.057405758900,343.2550361288670,17.15803559712000,0.1352667691078230,1.8743236241406800,4.089707792207790
polymerJ261,"[(1, 'E5'), (2, 'E4'), (3, 'E5'), (4, 'S9'), (5, 'S3'), (6, 'S1'), (7, 'E5'), (8, 'S9'), (9, 'E3'), (10, 'S6'), (11, 'E4')]",830.0,10424.812600158500,242.7810867171720,16.52323889187400,0.1200928937933530,1.8387027737910800,4.039917582417580
polymerJ262,"[(1, 'E9'), (2, 'S0'), (3, 'S2'), (4, 'E4'), (5, 'S4'), (6, 'S4'), (7, 'E5'), (8, 'E2'), (9, 'S3'), (10, 'S5'), (11, 'E4'), (12, 'E6')]",,,,,,,
polymerJ263,"[(1, 'E8'), (2, 'E0'), (3, 'S4'), (4, 'S6'), (5, 'E3'), (6, 'E8'), (7, 'E5'), (8, 'E6'), (9, 'E7'), (10, 'S9'), (11, 'S1'), (12, 'E0'), (13, 'S5')]",,,,,,,
polymerJ264,"[(1, 'S4'), (2, 'E5'), (3, 'S0'), (4, 'S8'), (5, 'S8'), (6, 'E3'), (7, 'S1'), (8, 'E3'), (9, 'S2'), (10, 'S8'), (11, 'S4'), (12, 'E8'), (13, 'E4'), (14, 'S6'), (15, 'S7')]",830.0,15189.458122498600,290.18085644798600,18.15189684799740,0.2321895010885900,1.7410018945381900,4.054254658385090
polymerJ265,"[(1, 'E0'), (2, 'E1'), (3, 'E6'), (4, 'E9'), (5, 'S0'), (6, 'S1'), (7, 'S5'), (8, 'S5'), (9, 'E2'), (10, 'E7'), (11, 'S2'), (12, 'E0'), (13, 'E6'), (14, 'E8')]",,,,,,,
polymerJ266,"[(1, 'S7'), (2, 'E6'), (3, 'E0'), (4, 'E3'), (5, 'E7'), (6, 'S3'), (7, 'S8'), (8, 'E3'), (9, 'S3'), (10, 'S3'), (11, 'S9'), (12, 'S4'), (13, 'S1'), (14, 'S4')]",,,,,,,
polymerJ267,"[(1, 'E3'), (2, 'S8'), (3, 'E5'), (4, 'E4'), (5, 'E2'), (6, 'S8'), (7, 'E5'), (8, 'S4'), (9, 'S8'), (10, 'E2'), (11, 'S0')]",,,,,,,
polymerJ268,"[(1, 'E4'), (2, 'E5'), (3, 'E5'), (4, 'S8'), (5, 'E1'), (6, 'S1'), (7, 'E1'), (8, 'E8'), (9, 'S0'), (10, 'S2'), (11, 'E2'), (12, 'E6')]",,,,,,,
polymerJ269,"[(1, 'E2'), (2, 'S5'), (3, 'S7'), (4, 'E6'), (5, 'S1'), (6, 'E9'), (7, 'E4'), (8, 'E9'), (9, 'E1'), (10, 'E2'), (11, 'E4'), (12, 'E1'), (13, 'E3'), (14, 'S2')]",,,,,,,
polymerJ27,"[(1, 'S1'), (2, 'S4'), (3, 'S8'), (4, 'S8'), (5, 'S2'), (6, 'E8'), (7, 'E1'), (8, 'E1'), (9, 'S2'), (10, 'E8'), (11, 'E6'), (12, 'E4'), (13, 'E1'), (14, 'E0'), (15, 'E5')]",,,,,,,
polymerJ270,"[(1, 'E5'), (2, 'E7'), (3, 'S6'), (4, 'S2'), (5, 'S7'), (6, 'S4'), (7, 'E0'), (8, 'S2'), (9, 'S6'), (10, 'S4'), (11, 'E5'), (12, 'S5'), (13, 'S8'), (14, 'E1')]",830.0,12683.163459130700,239.89835819476800,17.89665032659260,0.1112393251651820,1.712958372510240,3.999285714285720
polymerJ271,"[(1, 'S2'), (2, 'E8'), (3, 'S6'), (4, 'S1'), (5, 'S0'), (6, 'S9'), (7, 'E1'), (8, 'E3'), (9, 'S7'), (10, 'S5'), (11, 'S4'), (12, 'E9'), (13, 'S8'), (14, 'E9'), (15, 'E9')]",830.0,14287.81443716250,324.78299017399200,18.38687189919610,0.1337180474447090,1.9332858258105900,4.391282051282050
polymerJ272,"[(1, 'S3'), (2, 'E0'), (3, 'S2'), (4, 'S9'), (5, 'S7'), (6, 'E6'), (7, 'E0'), (8, 'S3'), (9, 'E3'), (10, 'S4'), (11, 'S1'), (12, 'E4'), (13, 'S0'), (14, 'S1')]",830.0,10284.258032776800,294.00896894056500,16.60410159247260,0.1341350791727970,1.7387620761234000,4.038461538461540
polymerJ273,"[(1, 'S2'), (2, 'S6'), (3, 'E7'), (4, 'S3'), (5, 'S9'), (6, 'S1'), (7, 'E1'), (8, 'E7'), (9, 'E6'), (10, 'S6'), (11, 'E0'), (12, 'S6'), (13, 'E0'), (14, 'E9')]",,,,,,,
polymerJ274,"[(1, 'E7'), (2, 'S3'), (3, 'E9'), (4, 'E7'), (5, 'S1'), (6, 'S2'), (7, 'E3'), (8, 'E5'), (9, 'E9'), (10, 'S2'), (11, 'S2'), (12, 'E8'), (13, 'E9'), (14, 'E3')]",,,,,,,
polymerJ275,"[(1, 'S4'), (2, 'S1'), (3, 'S4'), (4, 'E8'), (5, 'E6'), (6, 'S1'), (7, 'E6'), (8, 'E5'), (9, 'S8'), (10, 'S6')]",,,,,,,
polymerJ276,"[(1, 'E8'), (2, 'E8'), (3, 'S5'), (4, 'S2'), (5, 'E0'), (6, 'S7'), (7, 'E7'), (8, 'E9'), (9, 'E9'), (10, 'S7'), (11, 'E5')]",,,,,,,
polymerJ277,"[(1, 'S4'), (2, 'E5'), (3, 'S8'), (4, 'E0'), (5, 'S5'), (6, 'S7'), (7, 'E1'), (8, 'E9'), (9, 'E3'), (10, 'S7'), (11, 'S5')]",830.0,11862.361678621600,378.2418174845170,17.33743126460480,0.1965771605194750,1.744508952438320,4.280912698412700
polymerJ278,"[(1, 'E6'), (2, 'E8'), (3, 'S7'), (4, 'E3'), (5, 'S5'), (6, 'E8'), (7, 'S7'), (8, 'S0'), (9, 'S5'), (10, 'E3'), (11, 'E5'), (12, 'S5')]",830.0,12176.806050873300,325.9232738566610,17.148788897650600,0.1462085735283650,1.9186865536364600,4.083181818181820
polymerJ28,"[(1, 'E5'), (2, 'S7'), (3, 'S8'), (4, 'S1'), (5, 'S4'), (6, 'S1'), (7, 'S5'), (8, 'S2'), (9, 'S9'), (10, 'S4'), (11, 'E8'), (12, 'E3'), (13, 'E5'), (14, 'S7'), (15, 'S7'), (16, 'S9'), (17, 'E9'), (18, 'E5'), (19, 'S9'), (20, 'S3')]",830.0,21589.759275469100,352.0132701380650,20.548534069061300,0.1384149393389580,1.8894120067225500,4.229346938775510
polymerJ29,"[(1, 'E1'), (2, 'E2'), (3, 'E9'), (4, 'E6'), (5, 'S0'), (6, 'E8'), (7, 'S2'), (8, 'E7'), (9, 'E1'), (10, 'S9'), (11, 'S1'), (12, 'S7'), (13, 'E8'), (14, 'S0'), (15, 'S5'), (16, 'S3'), (17, 'E8'), (18, 'E3'), (19, 'E8')]",830.0,13563.051944010200,445.095968339238,18.887310511725300,0.1679990159602180,1.8514618075950600,4.169918032786890
polymerJ3,"[(1, 'E6'), (2, 'S9'), (3, 'E9'), (4, 'S2'), (5, 'S9'), (6, 'E0'), (7, 'S4'), (8, 'E3'), (9, 'S3'), (10, 'E0'), (11, 'E2'), (12, 'E6')]",,,,,,,
polymerJ30,"[(1, 'E6'), (2, 'S0'), (3, 'E1'), (4, 'S1'), (5, 'S4'), (6, 'E9'), (7, 'E4'), (8, 'S3'), (9, 'S7'), (10, 'S2'), (11, 'E0')]",,,,,,,
polymerJ31,"[(1, 'E9'), (2, 'S8'), (3, 'E3'), (4, 'S0'), (5, 'E6'), (6, 'E8'), (7, 'E4'), (8, 'S7'), (9, 'S5'), (10, 'S0'), (11, 'E0'), (12, 'S4'), (13, 'E7')]",,,,,,,
polymerJ32,"[(1, 'S9'), (2, 'E4'), (3, 'E3'), (4, 'S8'), (5, 'S1'), (6, 'E2'), (7, 'E6'), (8, 'S6'), (9, 'E5'), (10, 'S9'), (11, 'E6'), (12, 'E3'), (13, 'E6'), (14, 'S9'), (15, 'S3'), (16, 'S3'), (17, 'E1'), (18, 'E1'), (19, 'E6')]",830.0,17232.411987942500,324.9708435386360,19.417652649198300,0.1341742525872190,1.8130023680566400,3.842591362126250
polymerJ33,"[(1, 'S2'), (2, 'E1'), (3, 'S0'), (4, 'S0'), (5, 'E2'), (6, 'E6'), (7, 'E8'), (8, 'S7'), (9, 'E9'), (10, 'S9'), (11, 'S9'), (12, 'S5')]",830.0,10995.067078851800,300.9942201756780,17.193574046407400,0.1787653156133590,1.9674923326411800,4.510631868131870
polymerJ34,"[(1, 'E4'), (2, 'E6'), (3, 'S2'), (4, 'E8'), (5, 'E7'), (6, 'E8'), (7, 'E1'), (8, 'E8'), (9, 'S0'), (10, 'E4'), (11, 'E4'), (12, 'S2'), (13, 'S2'), (14, 'S9'), (15, 'E4')]",830.0,10686.77439749860,368.9273618311640,16.568099829810000,0.2163171645989910,1.7656418880505200,3.5672751322751300
polymerJ35,"[(1, 'S9'), (2, 'S9'), (3, 'E9'), (4, 'S1'), (5, 'E3'), (6, 'S9'), (7, 'S3'), (8, 'E6'), (9, 'S8'), (10, 'S9'), (11, 'S7'), (12, 'S4'), (13, 'S7'), (14, 'S7'), (15, 'E7'), (16, 'E0'), (17, 'E3'), (18, 'E1')]",830.0,19831.441289458800,397.1001963465320,20.27684849875310,0.0982095988477508,1.6893210967866300,3.83706896551724
polymerJ36,"[(1, 'E0'), (2, 'E3'), (3, 'S6'), (4, 'S4'), (5, 'S3'), (6, 'E7'), (7, 'S7'), (8, 'S3'), (9, 'E3'), (10, 'E1'), (11, 'E5'), (12, 'S7')]",830.0,11065.06639382340,257.27745917783500,15.963403759683900,0.1317299845775270,1.7598456047469500,3.847857142857140
polymerJ37,"[(1, 'S2'), (2, 'S5'), (3, 'S8'), (4, 'E1'), (5, 'E0'), (6, 'E7'), (7, 'E2'), (8, 'E2'), (9, 'S2'), (10, 'S6'), (11, 'E6'), (12, 'S3'), (13, 'E1')]",,,,,,,
polymerJ38,"[(1, 'S2'), (2, 'S7'), (3, 'E3'), (4, 'E2'), (5, 'S8'), (6, 'E8'), (7, 'S1'), (8, 'E9'), (9, 'S0'), (10, 'S2'), (11, 'E8'), (12, 'E7'), (13, 'S4'), (14, 'E8'), (15, 'S1'), (16, 'S7'), (17, 'S0'), (18, 'E9')]",830.0,14766.801298569300,393.5312108591790,17.324963560785600,0.1408286661992350,1.8550351978467400,4.232579365079360
polymerJ39,"[(1, 'S6'), (2, 'S9'), (3, 'S3'), (4, 'E2'), (5, 'E2'), (6, 'S6'), (7, 'E7'), (8, 'E7'), (9, 'E5'), (10, 'E9'), (11, 'E2'), (12, 'E6'), (13, 'E0'), (14, 'E5'), (15, 'S7')]",830.0,11557.517531739300,418.97232091532900,18.5297685616357,0.1641697467485950,1.7956447036802400,3.997492063492060
polymerJ4,"[(1, 'E0'), (2, 'E5'), (3, 'S3'), (4, 'S6'), (5, 'S1'), (6, 'S7'), (7, 'S4'), (8, 'E3'), (9, 'S8'), (10, 'S9'), (11, 'S9'), (12, 'E6'), (13, 'S2'), (14, 'S0'), (15, 'S1'), (16, 'E0')]",830.0,13769.165544496900,302.7645070732000,17.395081932885300,0.1064119266365640,1.38992635672371,3.4425000000000000
polymerJ40,"[(1, 'E8'), (2, 'S4'), (3, 'E3'), (4, 'E7'), (5, 'S8'), (6, 'S4'), (7, 'S9'), (8, 'E2'), (9, 'E5'), (10, 'S2'), (11, 'S2'), (12, 'E3'), (13, 'E9')]",,,,,,,
polymerJ41,"[(1, 'E3'), (2, 'E2'), (3, 'E4'), (4, 'E9'), (5, 'S2'), (6, 'S0'), (7, 'E8'), (8, 'E5'), (9, 'S7'), (10, 'S9'), (11, 'S0'), (12, 'E0')]",,,,,,,
polymerJ42,"[(1, 'E2'), (2, 'S4'), (3, 'S5'), (4, 'S8'), (5, 'S8'), (6, 'S3'), (7, 'S9'), (8, 'S1'), (9, 'E2'), (10, 'E6'), (11, 'E3'), (12, 'E2'), (13, 'S6'), (14, 'S9'), (15, 'E9'), (16, 'E2'), (17, 'S4'), (18, 'E6'), (19, 'S0'), (20, 'E3')]",830.0,15587.257597642600,331.5555093875020,19.364330859865500,0.1205673629746440,1.779194760935850,4.155632653061220
polymerJ43,"[(1, 'E5'), (2, 'E4'), (3, 'S1'), (4, 'E1'), (5, 'S4'), (6, 'E0'), (7, 'E6'), (8, 'S2'), (9, 'S4'), (10, 'S2'), (11, 'S7'), (12, 'E5')]",,,,,,,
polymerJ44,"[(1, 'S8'), (2, 'E2'), (3, 'S4'), (4, 'S7'), (5, 'E9'), (6, 'S8'), (7, 'E5'), (8, 'S5'), (9, 'S8'), (10, 'S7'), (11, 'S6'), (12, 'E7'), (13, 'S9'), (14, 'E3'), (15, 'S0'), (16, 'E5'), (17, 'E0'), (18, 'E7'), (19, 'S4'), (20, 'E0')]",830.0,18651.668809295600,329.44677355265100,19.872752527509400,0.1801809101851200,1.4335931829087500,3.3690037593985000
polymerJ45,"[(1, 'S4'), (2, 'S8'), (3, 'E7'), (4, 'S0'), (5, 'E0'), (6, 'E6'), (7, 'S7'), (8, 'S2'), (9, 'E9'), (10, 'E3'), (11, 'E2'), (12, 'E4'), (13, 'S6'), (14, 'S2'), (15, 'E7')]",830.0,12083.47417783910,341.49016152104100,17.84572830336440,0.1540757311901950,1.845003972417770,4.084981203007520
polymerJ46,"[(1, 'S9'), (2, 'E0'), (3, 'S6'), (4, 'S4'), (5, 'E7'), (6, 'S0'), (7, 'S9'), (8, 'E8'), (9, 'S3'), (10, 'E3'), (11, 'E8'), (12, 'E1'), (13, 'E5'), (14, 'E5'), (15, 'S3'), (16, 'E5')]",830.0,11835.34968446110,312.7737508112900,18.90902956008910,0.1215877946631390,1.8602511068375400,4.028282312925170
polymerJ47,"[(1, 'S4'), (2, 'E1'), (3, 'S6'), (4, 'S1'), (5, 'S6'), (6, 'E5'), (7, 'S8'), (8, 'S6'), (9, 'E6'), (10, 'S2'), (11, 'E8'), (12, 'E8'), (13, 'S9'), (14, 'S1'), (15, 'E8'), (16, 'S0'), (17, 'E9')]",830.0,14714.671575824600,383.99324197458,18.670391271455000,0.129545979152526,1.9155369074069300,4.223746031746030
polymerJ48,"[(1, 'E3'), (2, 'S7'), (3, 'S6'), (4, 'S2'), (5, 'E3'), (6, 'S3'), (7, 'S8'), (8, 'E1'), (9, 'S2'), (10, 'S2'), (11, 'E9'), (12, 'S4'), (13, 'E0'), (14, 'S2')]",,,,,,,
polymerJ49,"[(1, 'E0'), (2, 'S0'), (3, 'E5'), (4, 'E8'), (5, 'S0'), (6, 'S8'), (7, 'S2'), (8, 'S6'), (9, 'S9'), (10, 'S3'), (11, 'S3'), (12, 'E7'), (13, 'E7'), (14, 'S1'), (15, 'S3'), (16, 'S5'), (17, 'S7'), (18, 'S8'), (19, 'E4'), (20, 'E2')]",830.0,17054.049400956200,287.5814493229340,18.3589203616551,0.1247110443524360,1.8415689268825800,4.48409090909091
polymerJ5,"[(1, 'E1'), (2, 'S7'), (3, 'E9'), (4, 'E9'), (5, 'E7'), (6, 'S5'), (7, 'E8'), (8, 'S7'), (9, 'E2'), (10, 'S6'), (11, 'S9'), (12, 'S0'), (13, 'S8'), (14, 'S1'), (15, 'E6'), (16, 'S8'), (17, 'E9'), (18, 'S2')]",830.0,17206.282032828100,503.2897998744930,19.07152796609060,0.1217941115069720,1.8495433192466000,4.220182072829130
polymerJ50,"[(1, 'S1'), (2, 'E8'), (3, 'E3'), (4, 'S6'), (5, 'S4'), (6, 'S2'), (7, 'S6'), (8, 'S1'), (9, 'E7'), (10, 'S1'), (11, 'E0'), (12, 'S7'), (13, 'S3'), (14, 'E5'), (15, 'E5'), (16, 'E9'), (17, 'E7'), (18, 'S5')]",,,,,,,
polymerJ51,"[(1, 'S3'), (2, 'E3'), (3, 'E4'), (4, 'S1'), (5, 'S1'), (6, 'E6'), (7, 'S3'), (8, 'E1'), (9, 'E5'), (10, 'S0'), (11, 'E8'), (12, 'E5')]",,,,,,,
polymerJ52,"[(1, 'E0'), (2, 'E0'), (3, 'E0'), (4, 'S6'), (5, 'S5'), (6, 'E7'), (7, 'S1'), (8, 'S6'), (9, 'E7'), (10, 'S9'), (11, 'S5'), (12, 'E8'), (13, 'S9'), (14, 'E4')]",830.0,13981.612961901900,382.1590849570390,17.09899023805350,0.112613912482173,1.893721673331840,4.56107142857143
polymerJ53,"[(1, 'E9'), (2, 'E9'), (3, 'S7'), (4, 'S9'), (5, 'S6'), (6, 'S4'), (7, 'E9'), (8, 'E8'), (9, 'S9'), (10, 'E1'), (11, 'E0'), (12, 'E3')]",,,,,,,
polymerJ54,"[(1, 'E0'), (2, 'S7'), (3, 'S1'), (4, 'E6'), (5, 'E4'), (6, 'E2'), (7, 'E8'), (8, 'E9'), (9, 'S4'), (10, 'E7'), (11, 'E8'), (12, 'E2'), (13, 'E6'), (14, 'E5'), (15, 'E8'), (16, 'S8'), (17, 'S0'), (18, 'E9')]",,,,,,,
polymerJ55,"[(1, 'S3'), (2, 'S0'), (3, 'E2'), (4, 'E4'), (5, 'S3'), (6, 'E0'), (7, 'E8'), (8, 'E3'), (9, 'E0'), (10, 'E6'), (11, 'S9')]",,,,,,,
polymerJ56,"[(1, 'S3'), (2, 'S8'), (3, 'S5'), (4, 'E1'), (5, 'E8'), (6, 'E6'), (7, 'S9'), (8, 'E6'), (9, 'E7'), (10, 'S6'), (11, 'S2'), (12, 'S1'), (13, 'E1'), (14, 'S8'), (15, 'E5'), (16, 'E7'), (17, 'E8')]",830.0,15406.69320268450,432.5803334448680,19.09079371520450,0.1819697122650020,1.8840324931329700,4.418848396501460
polymerJ57,"[(1, 'S5'), (2, 'E8'), (3, 'E4'), (4, 'E3'), (5, 'E1'), (6, 'E3'), (7, 'E6'), (8, 'E8'), (9, 'E4'), (10, 'E5'), (11, 'E5'), (12, 'S9'), (13, 'S5')]",,,,,,,
polymerJ58,"[(1, 'E5'), (2, 'S5'), (3, 'S2'), (4, 'S4'), (5, 'S9'), (6, 'S7'), (7, 'S5'), (8, 'E0'), (9, 'S7'), (10, 'E6'), (11, 'E4'), (12, 'S9'), (13, 'S9'), (14, 'E5'), (15, 'E3'), (16, 'S2'), (17, 'S6')]",830.0,15768.49433529490,319.04022973222000,19.65450740950450,0.1189100673449840,1.4679949075969600,3.3457453416149100
polymerJ59,"[(1, 'S6'), (2, 'E1'), (3, 'E5'), (4, 'E5'), (5, 'E6'), (6, 'S6'), (7, 'S1'), (8, 'E5'), (9, 'S5'), (10, 'E0'), (11, 'S9'), (12, 'E3'), (13, 'E1'), (14, 'E8'), (15, 'E4'), (16, 'S4'), (17, 'E7'), (18, 'E0'), (19, 'E6')]",830.0,13917.543120245700,397.280735239075,17.707016140392900,0.1227669790636580,1.77159482765959,4.031036414565830
polymerJ6,"[(1, 'S6'), (2, 'S7'), (3, 'E9'), (4, 'S9'), (5, 'S1'), (6, 'S9'), (7, 'S1'), (8, 'E6'), (9, 'E2'), (10, 'E9'), (11, 'E6'), (12, 'E4'), (13, 'E0'), (14, 'E9'), (15, 'E7'), (16, 'E9'), (17, 'S4'), (18, 'S3')]",830.0,15663.132557742600,473.987312933546,19.22251858234410,0.1638356032930510,1.907848832285580,4.266803278688530
polymerJ60,"[(1, 'E0'), (2, 'S1'), (3, 'S3'), (4, 'E9'), (5, 'S2'), (6, 'E3'), (7, 'E9'), (8, 'E7'), (9, 'S7'), (10, 'S3'), (11, 'S5'), (12, 'S3'), (13, 'E9'), (14, 'S6'), (15, 'S6'), (16, 'S0'), (17, 'E4')]",830.0,14492.265338481100,384.23814370858800,16.550825767517100,0.1104845116843430,1.929275130475480,4.410627177700350
polymerJ61,"[(1, 'E1'), (2, 'S2'), (3, 'S4'), (4, 'E1'), (5, 'E2'), (6, 'E6'), (7, 'E6'), (8, 'S9'), (9, 'S4'), (10, 'S3'), (11, 'S9'), (12, 'E0'), (13, 'S9'), (14, 'S0'), (15, 'E1'), (16, 'E7'), (17, 'S7'), (18, 'S6')]",830.0,15186.726698510300,276.4976028348040,19.17517958777290,0.0978006080331845,1.7702554162475500,3.975446428571430
polymerJ62,"[(1, 'E4'), (2, 'S2'), (3, 'S6'), (4, 'S6'), (5, 'E8'), (6, 'E4'), (7, 'E0'), (8, 'E6'), (9, 'E2'), (10, 'S0'), (11, 'E4'), (12, 'E8')]",830.0,8719.531179797690,339.91898140148000,14.97130726269310,0.1776759107369860,1.8326124586525700,4.086587301587300
polymerJ63,"[(1, 'S4'), (2, 'S0'), (3, 'E4'), (4, 'S2'), (5, 'S7'), (6, 'E3'), (7, 'S5'), (8, 'S0'), (9, 'S4'), (10, 'E1'), (11, 'S6'), (12, 'E3'), (13, 'S8'), (14, 'E4'), (15, 'S4'), (16, 'E6'), (17, 'E7'), (18, 'S5')]",830.0,14644.333828217900,281.6993124318140,18.461580238342300,0.136794540781954,1.60365814918797,3.603545918367350
polymerJ64,"[(1, 'E0'), (2, 'S5'), (3, 'S8'), (4, 'S8'), (5, 'S4'), (6, 'S0'), (7, 'E8'), (8, 'S8'), (9, 'E5'), (10, 'E7'), (11, 'S3'), (12, 'E7'), (13, 'E3')]",830.0,11280.08980553960,338.1912522860360,17.720763041632500,0.1010063495941960,1.9461992834044800,4.349642857142860
polymerJ65,"[(1, 'E2'), (2, 'S2'), (3, 'S0'), (4, 'E1'), (5, 'E8'), (6, 'S5'), (7, 'E9'), (8, 'S9'), (9, 'E5'), (10, 'S1'), (11, 'E6'), (12, 'E8'), (13, 'E7'), (14, 'E8'), (15, 'E5'), (16, 'S4'), (17, 'S2'), (18, 'E4'), (19, 'E3')]",,,,,,,
polymerJ66,"[(1, 'E1'), (2, 'E1'), (3, 'E7'), (4, 'S6'), (5, 'E2'), (6, 'E8'), (7, 'E7'), (8, 'S5'), (9, 'S5'), (10, 'S0'), (11, 'S0'), (12, 'S5')]",830.0,8685.703341802370,305.0181663706420,15.823164717129300,0.1430727753830380,1.9003156987449700,4.226758241758240
polymerJ67,"[(1, 'E8'), (2, 'S0'), (3, 'E5'), (4, 'E3'), (5, 'E9'), (6, 'E0'), (7, 'S5'), (8, 'S0'), (9, 'E3'), (10, 'E8'), (11, 'E2'), (12, 'S2'), (13, 'E0'), (14, 'S6'), (15, 'E1'), (16, 'E1'), (17, 'E3'), (18, 'S1'), (19, 'S7'), (20, 'S5')]",,,,,,,
polymerJ68,"[(1, 'E8'), (2, 'E1'), (3, 'E6'), (4, 'E7'), (5, 'S1'), (6, 'S8'), (7, 'E1'), (8, 'S6'), (9, 'S5'), (10, 'E6'), (11, 'S7')]",830.0,10508.225518640900,305.7047860610820,16.914438145501300,0.130689482006216,1.8561470974863600,4.149704433497540
polymerJ69,"[(1, 'E1'), (2, 'E7'), (3, 'S0'), (4, 'S3'), (5, 'S8'), (6, 'E4'), (7, 'S2'), (8, 'S9'), (9, 'E5'), (10, 'S0'), (11, 'E1'), (12, 'E5'), (13, 'E6'), (14, 'E1'), (15, 'E4'), (16, 'S0'), (17, 'S2')]",830.0,10817.64062173330,316.6468264724430,16.721606557709800,0.3463154188183670,1.7471062051723000,4.149747899159670
polymerJ7,"[(1, 'S4'), (2, 'S4'), (3, 'E3'), (4, 'S0'), (5, 'E2'), (6, 'E9'), (7, 'E7'), (8, 'S5'), (9, 'E0'), (10, 'E3'), (11, 'E4'), (12, 'S6'), (13, 'S8'), (14, 'S6'), (15, 'S3'), (16, 'S7'), (17, 'E5'), (18, 'S8'), (19, 'E1')]",830.0,15374.610538702700,332.485423917445,18.62734450272150,0.1495599777910470,1.6857674454135100,3.7439075630252100
polymerJ70,"[(1, 'S7'), (2, 'E8'), (3, 'S4'), (4, 'E8'), (5, 'S9'), (6, 'E9'), (7, 'S7'), (8, 'S6'), (9, 'S5'), (10, 'E8'), (11, 'S5'), (12, 'S0'), (13, 'E9'), (14, 'E7'), (15, 'S0'), (16, 'E6'), (17, 'S2')]",830.0,17113.696457975900,392.2866398739480,18.4435008083071,0.0876520282295664,1.943948664632040,4.452571428571430
polymerJ71,"[(1, 'E2'), (2, 'E7'), (3, 'S5'), (4, 'E3'), (5, 'E3'), (6, 'S9'), (7, 'E4'), (8, 'S0'), (9, 'S7'), (10, 'E1'), (11, 'S3'), (12, 'E8'), (13, 'E6'), (14, 'S4'), (15, 'S7'), (16, 'S2'), (17, 'S1')]",830.0,14046.439647636900,261.81694032259600,17.448904151916500,0.1714777571890070,1.7845687342781800,4.122584033613450
polymerJ72,"[(1, 'E5'), (2, 'E5'), (3, 'E1'), (4, 'S9'), (5, 'E4'), (6, 'E1'), (7, 'S3'), (8, 'E1'), (9, 'S0'), (10, 'S2'), (11, 'E5'), (12, 'S4'), (13, 'S6'), (14, 'S2'), (15, 'S4')]",,,,,,,
polymerJ73,"[(1, 'E5'), (2, 'E7'), (3, 'E8'), (4, 'E0'), (5, 'S9'), (6, 'E9'), (7, 'S0'), (8, 'S2'), (9, 'S3'), (10, 'S2'), (11, 'E1'), (12, 'E5'), (13, 'S5'), (14, 'S3'), (15, 'S8'), (16, 'E6'), (17, 'S3'), (18, 'E0'), (19, 'S4')]",830.0,14492.875203551000,372.87720661406500,18.556941712243200,0.1749058072754840,1.8417233601274300,4.227961672473870
polymerJ74,"[(1, 'E8'), (2, 'E1'), (3, 'S9'), (4, 'E0'), (5, 'S2'), (6, 'S5'), (7, 'E4'), (8, 'E3'), (9, 'S4'), (10, 'E5'), (11, 'E5'), (12, 'S1'), (13, 'E3'), (14, 'S2'), (15, 'E6'), (16, 'E5'), (17, 'S6'), (18, 'S1'), (19, 'E3'), (20, 'S4')]",830.0,14468.736957618700,366.3814091442000,18.142250694547400,0.1834687208729340,1.7687706423566800,3.9332890365448500
polymerJ75,"[(1, 'S9'), (2, 'E4'), (3, 'E0'), (4, 'S1'), (5, 'S5'), (6, 'E9'), (7, 'E9'), (8, 'E7'), (9, 'S0'), (10, 'E8'), (11, 'E0'), (12, 'E2'), (13, 'E5'), (14, 'E4'), (15, 'S0'), (16, 'E1'), (17, 'E1'), (18, 'E6'), (19, 'E3'), (20, 'E1')]",,,,,,,
polymerJ76,"[(1, 'S7'), (2, 'E5'), (3, 'S6'), (4, 'E6'), (5, 'S3'), (6, 'E6'), (7, 'S3'), (8, 'E0'), (9, 'E1'), (10, 'E9'), (11, 'S0'), (12, 'S0'), (13, 'E4'), (14, 'E8'), (15, 'S6'), (16, 'E5'), (17, 'S6'), (18, 'E4'), (19, 'E6')]",830.0,15293.75355319150,328.94315598882800,18.36140833377840,0.1485399058216670,1.806816387013260,4.132407407407410
polymerJ77,"[(1, 'S0'), (2, 'E1'), (3, 'E9'), (4, 'S2'), (5, 'S2'), (6, 'S2'), (7, 'E1'), (8, 'E1'), (9, 'S3'), (10, 'E5'), (11, 'E7'), (12, 'S1'), (13, 'S6'), (14, 'S0'), (15, 'E5'), (16, 'S6')]",830.0,10599.756405155500,294.1635550057150,15.731513837405600,0.1464764991552,1.794811292134970,3.957044334975370
polymerJ78,"[(1, 'E0'), (2, 'S5'), (3, 'E7'), (4, 'E8'), (5, 'S4'), (6, 'S8'), (7, 'E2'), (8, 'S9'), (9, 'E3'), (10, 'E3'), (11, 'E5'), (12, 'E6'), (13, 'S6'), (14, 'E2'), (15, 'E9'), (16, 'E4')]",,,,,,,
polymerJ79,"[(1, 'S8'), (2, 'S1'), (3, 'S6'), (4, 'S4'), (5, 'S9'), (6, 'S9'), (7, 'E8'), (8, 'S5'), (9, 'S8'), (10, 'S6'), (11, 'S2'), (12, 'S2'), (13, 'S1'), (14, 'S6'), (15, 'E4'), (16, 'S5'), (17, 'E4'), (18, 'E6'), (19, 'S4')]",830.0,17629.1071198344,373.51853002765100,20.764151111330300,0.2080212037105830,1.57003370425972,3.540194805194810
polymerJ8,"[(1, 'S3'), (2, 'S4'), (3, 'E4'), (4, 'E3'), (5, 'S5'), (6, 'E0'), (7, 'E1'), (8, 'S4'), (9, 'S9'), (10, 'S8'), (11, 'S0')]",830.0,9077.167696295150,280.0776578568900,17.447384811810100,0.2057683700171750,1.644797213986370,3.733035714285710
polymerJ80,"[(1, 'E3'), (2, 'S2'), (3, 'S5'), (4, 'S2'), (5, 'S2'), (6, 'S9'), (7, 'E7'), (8, 'S9'), (9, 'S4'), (10, 'S6'), (11, 'E0'), (12, 'E0'), (13, 'E9'), (14, 'S4'), (15, 'S6'), (16, 'S7'), (17, 'E1')]",830.0,16052.194255746800,399.4870909721320,18.9595125075749,0.1199581042419860,1.684443791782790,4.190750000000000
polymerJ81,"[(1, 'E6'), (2, 'S9'), (3, 'E2'), (4, 'S3'), (5, 'E7'), (6, 'S4'), (7, 'S0'), (8, 'S1'), (9, 'S7'), (10, 'E1'), (11, 'E3'), (12, 'S3'), (13, 'S5'), (14, 'S7'), (15, 'E9'), (16, 'S2'), (17, 'S1'), (18, 'S5'), (19, 'S7'), (20, 'S1')]",830.0,16926.14537385420,339.43980653845200,19.5805464894431,0.1055415151765460,1.7393213907789800,3.933903061224490
polymerJ82,"[(1, 'E9'), (2, 'E2'), (3, 'S4'), (4, 'E2'), (5, 'E8'), (6, 'E7'), (7, 'E0'), (8, 'E7'), (9, 'S0'), (10, 'E5'), (11, 'S7'), (12, 'E2'), (13, 'S0'), (14, 'E8'), (15, 'S5'), (16, 'E5')]",,,,,,,
polymerJ83,"[(1, 'S4'), (2, 'E0'), (3, 'S5'), (4, 'S3'), (5, 'S0'), (6, 'E2'), (7, 'S5'), (8, 'S1'), (9, 'E9'), (10, 'S0'), (11, 'E1'), (12, 'S7'), (13, 'S3'), (14, 'S9'), (15, 'E4'), (16, 'E9'), (17, 'E8')]",830.0,12330.943731746800,377.952682477764,18.37158676828660,0.1341637775392210,1.9284277275422100,4.25151515151515
polymerJ84,"[(1, 'S8'), (2, 'S9'), (3, 'S4'), (4, 'E9'), (5, 'E3'), (6, 'S2'), (7, 'E7'), (8, 'E5'), (9, 'S6'), (10, 'E2'), (11, 'E2'), (12, 'E0'), (13, 'E3'), (14, 'E3'), (15, 'S7'), (16, 'S0'), (17, 'E1')]",830.0,12647.854725095500,330.11158214835500,18.266609525680500,0.1575590348309120,1.7966481992143400,4.1556938775510200
polymerJ85,"[(1, 'S9'), (2, 'E5'), (3, 'E0'), (4, 'E1'), (5, 'E0'), (6, 'E5'), (7, 'E2'), (8, 'S1'), (9, 'S4'), (10, 'E9'), (11, 'S5'), (12, 'E3'), (13, 'S0'), (14, 'E4'), (15, 'S5'), (16, 'S0')]",830.0,10785.763037185100,302.17102214120700,17.23871604238240,0.179711365821586,1.8238164771957200,4.011059113300490
polymerJ86,"[(1, 'S8'), (2, 'S0'), (3, 'S3'), (4, 'S1'), (5, 'E3'), (6, 'S0'), (7, 'S0'), (8, 'E0'), (9, 'S8'), (10, 'S3'), (11, 'S0'), (12, 'E7'), (13, 'S3'), (14, 'E8'), (15, 'S5'), (16, 'S4'), (17, 'E8'), (18, 'E3'), (19, 'E8')]",830.0,11779.658902270700,427.2841102646330,20.5793749318804,0.1667504677179690,1.876334386727300,4.126138996139000
polymerJ87,"[(1, 'S5'), (2, 'E8'), (3, 'E9'), (4, 'E4'), (5, 'E9'), (6, 'S8'), (7, 'E0'), (8, 'S1'), (9, 'S9'), (10, 'S6'), (11, 'E4'), (12, 'S5'), (13, 'S6'), (14, 'E5'), (15, 'S6'), (16, 'E7'), (17, 'S4'), (18, 'S3'), (19, 'S8')]",830.0,18531.263514921000,410.6323584976830,20.09272256987440,0.1258902159853050,1.9010324406377000,4.525729813664600
polymerJ88,"[(1, 'S8'), (2, 'S9'), (3, 'E5'), (4, 'S1'), (5, 'S6'), (6, 'S1'), (7, 'S0'), (8, 'E9'), (9, 'S9'), (10, 'S3'), (11, 'E2'), (12, 'S2'), (13, 'E0'), (14, 'S7'), (15, 'S3'), (16, 'S4'), (17, 'E1'), (18, 'S5')]",830.0,14860.212171859200,303.98677848457800,20.20722207886830,0.174127638401154,1.524092609089500,3.5149159663865600
polymerJ89,"[(1, 'S3'), (2, 'E8'), (3, 'S0'), (4, 'S5'), (5, 'S8'), (6, 'S1'), (7, 'S7'), (8, 'S3'), (9, 'E8'), (10, 'E9'), (11, 'E8'), (12, 'E8'), (13, 'S9'), (14, 'S4'), (15, 'S9'), (16, 'S4'), (17, 'S1'), (18, 'E2'), (19, 'E1'), (20, 'E7')]",830.0,18491.676298685900,418.4223868311470,18.71310939243860,0.113345344159808,1.977496503549820,4.31387955182073
polymerJ9,"[(1, 'S2'), (2, 'S4'), (3, 'S0'), (4, 'E9'), (5, 'E6'), (6, 'E6'), (7, 'E0'), (8, 'S2'), (9, 'E2'), (10, 'S1'), (11, 'E3'), (12, 'E6'), (13, 'E4'), (14, 'S8'), (15, 'S8')]",830.0,10802.509144064400,321.4518998310930,17.737864349910200,0.1359946656759610,1.870413625170170,4.105138888888890
polymerJ90,"[(1, 'S8'), (2, 'S3'), (3, 'S6'), (4, 'S8'), (5, 'E3'), (6, 'S8'), (7, 'E2'), (8, 'S9'), (9, 'S1'), (10, 'S7'), (11, 'E1'), (12, 'S6'), (13, 'S2'), (14, 'E9'), (15, 'S9'), (16, 'E6'), (17, 'E4'), (18, 'E0'), (19, 'S1'), (20, 'E5')]",830.0,15638.219551198900,352.93583931858300,20.58821238109040,0.1360013746801410,1.6749786178043600,3.82995238095238
polymerJ91,"[(1, 'S9'), (2, 'S5'), (3, 'E8'), (4, 'E3'), (5, 'E9'), (6, 'S1'), (7, 'E8'), (8, 'E8'), (9, 'S8'), (10, 'S9'), (11, 'E5'), (12, 'E4'), (13, 'E8'), (14, 'E0'), (15, 'S2'), (16, 'S5'), (17, 'E3')]",830.0,15125.946150392400,396.23139825204200,18.81829167161670,0.0996595288532041,1.885221562447740,3.974566326530610
polymerJ92,"[(1, 'E2'), (2, 'S5'), (3, 'S3'), (4, 'E0'), (5, 'E0'), (6, 'E4'), (7, 'E1'), (8, 'E1'), (9, 'E9'), (10, 'E4'), (11, 'S5'), (12, 'S8'), (13, 'E5'), (14, 'S2'), (15, 'E2'), (16, 'E0'), (17, 'S0')]",830.0,9876.611945885160,308.0042064388290,16.095782686642200,0.168202712905521,1.7475492037386600,3.87591836734694
polymerJ93,"[(1, 'E5'), (2, 'S6'), (3, 'E2'), (4, 'S8'), (5, 'S6'), (6, 'E0'), (7, 'E6'), (8, 'E4'), (9, 'E8'), (10, 'E6'), (11, 'E9'), (12, 'S6'), (13, 'E6'), (14, 'E7'), (15, 'E6'), (16, 'S7'), (17, 'S2'), (18, 'E4'), (19, 'E0')]",830.0,14973.559656381400,355.75906155576,17.979614426067900,0.1598159209504840,1.7562022266704200,3.99749433106576
polymerJ94,"[(1, 'S3'), (2, 'S2'), (3, 'S9'), (4, 'S1'), (5, 'E1'), (6, 'S5'), (7, 'E9'), (8, 'S4'), (9, 'E5'), (10, 'S1'), (11, 'S6'), (12, 'S2'), (13, 'E2'), (14, 'E1'), (15, 'E2'), (16, 'E2'), (17, 'S9'), (18, 'S4')]",830.0,14382.839705857600,277.17065470535700,18.12695382186340,0.1431213385497310,1.6998348465538800,3.925584415584420
polymerJ95,"[(1, 'E7'), (2, 'S4'), (3, 'E0'), (4, 'E7'), (5, 'E1'), (6, 'E6'), (7, 'E1'), (8, 'S7'), (9, 'S4'), (10, 'S5'), (11, 'S7'), (12, 'E3'), (13, 'S6'), (14, 'E2'), (15, 'S2'), (16, 'S3'), (17, 'S8'), (18, 'E1'), (19, 'S9')]",830.0,13574.304435475000,297.2826411412670,20.36860270636420,0.197002406833692,1.6849795563476000,3.60344387755102
polymerJ96,"[(1, 'E9'), (2, 'E3'), (3, 'E0'), (4, 'S6'), (5, 'E9'), (6, 'S3'), (7, 'S1'), (8, 'S2'), (9, 'E5'), (10, 'S7'), (11, 'E8'), (12, 'E1'), (13, 'S8'), (14, 'E9'), (15, 'S6'), (16, 'S9'), (17, 'S4')]",830.0,15578.009693881200,358.0835429290980,18.55237795352940,0.1433190664099250,1.8866218561966900,4.209058441558440
polymerJ97,"[(1, 'S0'), (2, 'E1'), (3, 'S5'), (4, 'S1'), (5, 'S6'), (6, 'E6'), (7, 'E7'), (8, 'E1'), (9, 'S6'), (10, 'S2'), (11, 'S6'), (12, 'S2'), (13, 'S3'), (14, 'S1'), (15, 'S7'), (16, 'S7'), (17, 'E4'), (18, 'S2'), (19, 'E4')]",830.0,16063.594634354700,313.0569812509550,17.183314661979700,0.0845740180847365,1.7051289628070000,4.418850931677020
polymerJ98,"[(1, 'E4'), (2, 'E4'), (3, 'E0'), (4, 'E5'), (5, 'S3'), (6, 'E9'), (7, 'E8'), (8, 'E7'), (9, 'S8'), (10, 'E7'), (11, 'E3'), (12, 'S1'), (13, 'S2'), (14, 'E4'), (15, 'E7'), (16, 'E1'), (17, 'S1'), (18, 'E5')]",830.0,12302.71398463400,412.01550832592300,15.729206585202900,0.1279352546928320,1.71293976957396,3.574241071428570
polymerJ99,"[(1, 'S2'), (2, 'E1'), (3, 'S2'), (4, 'S4'), (5, 'S1'), (6, 'E0'), (7, 'S2'), (8, 'E9'), (9, 'E6'), (10, 'E1'), (11, 'E9'), (12, 'S7'), (13, 'S5'), (14, 'E9'), (15, 'S1'), (16, 'S4')]",,,,,,,